-- MySQL dump 10.13  Distrib 8.0.23, for macos10.15 (x86_64)
--
-- Host: localhost    Database: vk
-- ------------------------------------------------------
-- Server version	8.0.23

/*!40101 SET @OLD_CHARACTER_SET_CLIENT=@@CHARACTER_SET_CLIENT */;
/*!40101 SET @OLD_CHARACTER_SET_RESULTS=@@CHARACTER_SET_RESULTS */;
/*!40101 SET @OLD_COLLATION_CONNECTION=@@COLLATION_CONNECTION */;
/*!50503 SET NAMES utf8mb4 */;
/*!40103 SET @OLD_TIME_ZONE=@@TIME_ZONE */;
/*!40103 SET TIME_ZONE='+00:00' */;
/*!40014 SET @OLD_UNIQUE_CHECKS=@@UNIQUE_CHECKS, UNIQUE_CHECKS=0 */;
/*!40014 SET @OLD_FOREIGN_KEY_CHECKS=@@FOREIGN_KEY_CHECKS, FOREIGN_KEY_CHECKS=0 */;
/*!40101 SET @OLD_SQL_MODE=@@SQL_MODE, SQL_MODE='NO_AUTO_VALUE_ON_ZERO' */;
/*!40111 SET @OLD_SQL_NOTES=@@SQL_NOTES, SQL_NOTES=0 */;

--
-- Table structure for table `communities`
--

DROP TABLE IF EXISTS `communities`;
/*!40101 SET @saved_cs_client     = @@character_set_client */;
/*!50503 SET character_set_client = utf8mb4 */;
CREATE TABLE `communities` (
  `id` int unsigned NOT NULL AUTO_INCREMENT COMMENT 'Идентификатор сроки',
  `name` varchar(150) NOT NULL COMMENT 'Название группы',
  `created_at` datetime DEFAULT CURRENT_TIMESTAMP COMMENT 'Время создания строки',
  `updated_at` datetime DEFAULT CURRENT_TIMESTAMP ON UPDATE CURRENT_TIMESTAMP COMMENT 'Время обновления строки',
  PRIMARY KEY (`id`),
  UNIQUE KEY `name` (`name`)
) ENGINE=InnoDB AUTO_INCREMENT=16 DEFAULT CHARSET=utf8mb4 COLLATE=utf8mb4_0900_ai_ci COMMENT='Группы';
/*!40101 SET character_set_client = @saved_cs_client */;

--
-- Dumping data for table `communities`
--

LOCK TABLES `communities` WRITE;
/*!40000 ALTER TABLE `communities` DISABLE KEYS */;
INSERT INTO `communities` VALUES (1,'occaecati','2001-05-14 14:34:02','1973-04-23 00:35:23'),(2,'voluptatem','2012-04-10 18:09:28','1983-10-24 00:52:46'),(3,'est','1996-10-23 12:32:16','1998-11-16 06:01:04'),(4,'fuga','1992-08-04 10:58:08','1992-12-04 20:09:54'),(5,'distinctio','2000-10-20 00:53:19','2008-08-31 20:47:05'),(6,'et','1971-01-19 12:43:25','1985-11-02 06:20:50'),(7,'nobis','2019-02-18 04:48:07','2006-05-22 13:04:16'),(8,'ea','2016-03-01 05:29:12','1974-10-26 14:49:35'),(9,'dolores','2015-04-18 04:00:09','2019-10-24 01:44:38'),(10,'ut','2019-11-25 18:14:06','1980-03-26 04:15:00'),(11,'atque','1992-02-01 10:09:32','2021-01-08 22:33:17'),(12,'aut','2005-07-10 02:19:08','1999-06-26 19:30:21'),(13,'at','2002-04-19 12:49:34','2010-01-21 23:00:26'),(14,'ab','2020-06-23 00:39:59','2007-02-25 08:51:02'),(15,'voluptatibus','1991-01-19 19:47:55','1981-06-06 14:35:06');
/*!40000 ALTER TABLE `communities` ENABLE KEYS */;
UNLOCK TABLES;

--
-- Table structure for table `communities_users`
--

DROP TABLE IF EXISTS `communities_users`;
/*!40101 SET @saved_cs_client     = @@character_set_client */;
/*!50503 SET character_set_client = utf8mb4 */;
CREATE TABLE `communities_users` (
  `community_id` int unsigned NOT NULL COMMENT 'Ссылка на группу',
  `user_id` int unsigned NOT NULL COMMENT 'Ссылка на пользователя',
  `created_at` datetime DEFAULT CURRENT_TIMESTAMP COMMENT 'Время создания строки',
  PRIMARY KEY (`community_id`,`user_id`) COMMENT 'Составной первичный ключ'
) ENGINE=InnoDB DEFAULT CHARSET=utf8mb4 COLLATE=utf8mb4_0900_ai_ci COMMENT='Участники групп, связь между пользователями и группами';
/*!40101 SET character_set_client = @saved_cs_client */;

--
-- Dumping data for table `communities_users`
--

LOCK TABLES `communities_users` WRITE;
/*!40000 ALTER TABLE `communities_users` DISABLE KEYS */;
INSERT INTO `communities_users` VALUES (1,1,'1996-12-27 18:01:12'),(1,16,'1982-08-27 11:02:22'),(1,31,'2018-07-31 01:45:32'),(1,46,'2011-10-16 19:26:41'),(1,61,'1970-08-01 12:07:25'),(1,76,'1990-01-14 05:52:44'),(1,91,'1994-02-15 01:31:00'),(2,2,'2009-04-29 11:00:17'),(2,17,'2001-02-09 15:21:24'),(2,32,'1994-07-25 16:19:29'),(2,47,'1990-08-03 07:17:15'),(2,62,'2003-04-23 17:59:06'),(2,77,'1985-02-10 07:33:51'),(2,92,'1991-02-10 05:11:03'),(3,3,'2008-08-07 21:54:08'),(3,18,'2014-05-06 13:58:12'),(3,33,'1973-08-26 23:51:40'),(3,48,'1977-04-17 00:56:10'),(3,63,'2002-09-21 22:18:10'),(3,78,'1977-07-13 16:21:36'),(3,93,'1982-04-22 15:52:28'),(4,4,'2018-07-03 16:08:56'),(4,19,'2004-07-26 11:53:46'),(4,34,'2009-12-17 10:08:35'),(4,49,'1986-05-05 22:07:37'),(4,64,'2018-12-09 00:29:54'),(4,79,'2008-01-03 16:14:03'),(4,94,'2005-10-31 01:20:40'),(5,5,'1985-04-24 10:59:09'),(5,20,'1990-07-17 14:20:16'),(5,35,'2011-12-23 16:26:22'),(5,50,'2010-02-11 18:54:46'),(5,65,'1972-07-14 18:26:49'),(5,80,'2003-05-03 11:17:52'),(5,95,'1973-01-30 16:32:18'),(6,6,'2006-12-07 02:48:44'),(6,21,'1976-04-08 07:13:07'),(6,36,'1993-05-29 03:42:12'),(6,51,'2017-04-25 14:11:16'),(6,66,'1982-08-08 09:48:59'),(6,81,'1978-02-15 00:12:17'),(6,96,'1990-12-12 03:43:55'),(7,7,'1981-09-27 09:02:11'),(7,22,'1988-07-28 22:51:05'),(7,37,'1988-09-10 04:41:09'),(7,52,'1987-08-11 16:36:22'),(7,67,'1992-08-19 01:26:32'),(7,82,'2001-12-26 10:49:21'),(7,97,'2017-03-07 15:20:31'),(8,8,'1970-04-25 13:33:16'),(8,23,'1972-10-11 16:53:10'),(8,38,'2006-05-14 22:45:44'),(8,53,'1979-07-13 14:02:41'),(8,68,'1995-10-03 14:50:43'),(8,83,'2005-05-03 01:19:41'),(8,98,'2020-12-11 17:40:04'),(9,9,'2012-06-07 20:10:54'),(9,24,'1996-08-27 01:50:08'),(9,39,'1991-08-25 13:19:26'),(9,54,'1985-09-26 16:43:21'),(9,69,'1980-12-05 05:04:22'),(9,84,'1994-02-07 03:44:56'),(9,99,'2016-11-05 03:56:00'),(10,10,'1972-07-27 11:33:31'),(10,25,'1991-12-31 06:56:28'),(10,40,'2011-03-03 11:30:43'),(10,55,'1971-08-06 04:31:39'),(10,70,'1996-07-07 04:42:37'),(10,85,'2007-06-05 15:49:56'),(10,100,'1994-04-18 10:59:59'),(11,11,'2004-03-01 04:58:29'),(11,26,'2009-07-22 21:31:48'),(11,41,'2004-09-22 23:22:09'),(11,56,'2012-04-06 06:26:54'),(11,71,'2015-02-14 09:18:29'),(11,86,'2014-05-01 05:00:55'),(12,12,'2001-06-17 07:48:45'),(12,27,'2008-03-28 09:26:37'),(12,42,'1975-10-27 13:02:34'),(12,57,'2013-09-01 09:47:55'),(12,72,'1990-03-13 12:26:26'),(12,87,'1982-02-23 22:31:11'),(13,13,'2005-05-31 00:44:08'),(13,28,'1982-08-01 23:05:35'),(13,43,'1970-11-02 23:17:19'),(13,58,'1979-04-18 19:38:40'),(13,73,'2004-04-05 00:10:19'),(13,88,'2020-05-08 02:14:36'),(14,14,'2000-05-07 00:32:41'),(14,29,'1989-11-03 09:45:41'),(14,44,'1986-06-04 14:39:18'),(14,59,'2015-02-15 21:00:09'),(14,74,'2000-03-04 09:00:47'),(14,89,'2013-04-10 16:51:20'),(15,15,'1988-03-16 09:01:59'),(15,30,'1984-12-24 22:00:20'),(15,45,'1998-03-29 20:06:22'),(15,60,'1973-08-27 06:54:37'),(15,75,'1980-11-02 17:09:49'),(15,90,'1994-04-10 22:52:13');
/*!40000 ALTER TABLE `communities_users` ENABLE KEYS */;
UNLOCK TABLES;

--
-- Table structure for table `friendship`
--

DROP TABLE IF EXISTS `friendship`;
/*!40101 SET @saved_cs_client     = @@character_set_client */;
/*!50503 SET character_set_client = utf8mb4 */;
CREATE TABLE `friendship` (
  `user_id` int unsigned NOT NULL COMMENT 'Ссылка на инициатора дружеских отношений',
  `friend_id` int unsigned NOT NULL COMMENT 'Ссылка на получателя приглашения дружить',
  `status_id` int unsigned NOT NULL COMMENT 'Ссылка на статус (текущее состояние) отношений',
  `requested_at` datetime DEFAULT CURRENT_TIMESTAMP COMMENT 'Время отправления приглашения дружить',
  `confirmed_at` datetime DEFAULT NULL COMMENT 'Время подтверждения приглашения',
  `created_at` datetime DEFAULT CURRENT_TIMESTAMP COMMENT 'Время создания строки',
  `updated_at` datetime DEFAULT CURRENT_TIMESTAMP ON UPDATE CURRENT_TIMESTAMP COMMENT 'Время обновления строки',
  PRIMARY KEY (`user_id`,`friend_id`) COMMENT 'Составной первичный ключ'
) ENGINE=InnoDB DEFAULT CHARSET=utf8mb4 COLLATE=utf8mb4_0900_ai_ci COMMENT='Таблица дружбы';
/*!40101 SET character_set_client = @saved_cs_client */;

--
-- Dumping data for table `friendship`
--

LOCK TABLES `friendship` WRITE;
/*!40000 ALTER TABLE `friendship` DISABLE KEYS */;
INSERT INTO `friendship` VALUES (1,17,2,'2021-02-11 23:17:50','1981-11-28 11:06:31','1984-02-03 23:39:19','2008-11-09 17:08:42'),(1,40,1,'1979-03-19 09:42:50','1984-05-20 13:14:48','1986-10-30 17:53:50','1981-04-27 23:04:48'),(1,70,1,'1980-12-01 06:08:00','1999-01-25 01:33:15','2020-02-13 07:26:07','2018-10-14 15:49:54'),(2,11,3,'2009-10-15 17:38:06','1973-06-23 11:13:42','2019-12-28 04:48:08','2016-07-16 02:48:00'),(2,66,2,'1999-02-02 17:00:15','2017-09-22 23:20:47','2014-03-06 21:38:00','2000-02-12 00:41:50'),(2,98,2,'1979-12-13 21:26:43','1998-12-28 14:40:55','1992-05-02 15:42:37','1991-10-04 18:00:36'),(3,6,1,'1980-01-28 04:41:01','2019-01-03 18:48:52','1980-12-23 18:38:13','2014-01-22 04:53:22'),(3,41,3,'1970-10-24 15:30:40','2011-12-18 14:58:28','1987-11-09 00:17:56','1972-11-17 14:04:02'),(3,68,3,'1976-01-19 08:40:10','2002-03-05 03:44:07','1988-05-10 10:16:50','1977-01-09 16:29:40'),(4,14,1,'1992-12-26 01:06:36','2009-08-04 17:19:57','2013-03-27 02:06:29','1995-11-26 04:43:01'),(4,30,1,'2009-12-29 07:08:40','1999-02-22 01:40:28','2012-11-25 05:14:29','2004-08-15 19:34:48'),(4,72,2,'1999-08-16 17:41:08','2004-01-20 09:36:29','2001-02-16 17:20:05','1986-01-20 20:40:36'),(5,27,2,'2010-11-20 21:31:11','1975-05-01 01:45:16','1981-05-26 11:15:45','1993-01-26 20:55:32'),(5,30,2,'1993-02-03 23:54:10','1975-10-17 13:59:54','2007-01-04 14:22:37','2019-01-20 01:21:46'),(5,49,3,'1997-12-02 16:19:01','2019-09-22 15:31:29','1987-07-17 02:10:11','1988-12-16 21:20:54'),(6,13,3,'1987-06-29 10:30:00','1996-07-12 18:17:14','2021-02-07 20:38:46','2006-08-26 09:19:23'),(6,66,3,'2005-03-21 15:54:14','2014-11-27 14:04:28','1992-10-08 15:10:00','2004-03-25 07:56:21'),(6,80,1,'2009-01-21 07:50:20','2007-07-10 18:42:26','1979-09-24 18:44:54','2015-01-29 10:44:47'),(7,19,1,'2019-04-20 08:34:59','1999-02-20 22:29:40','1978-07-28 09:37:32','2000-01-21 12:44:48'),(7,38,2,'1989-01-23 15:53:33','1982-09-26 19:42:49','2013-08-22 08:55:18','2015-07-02 20:41:32'),(7,53,1,'2008-03-25 11:33:25','1995-01-30 11:28:41','1981-02-12 16:46:50','2012-12-24 12:55:37'),(8,11,2,'2013-03-27 18:43:29','2013-06-06 15:35:51','1973-07-10 15:05:39','2016-12-25 16:42:28'),(8,36,3,'1982-09-07 06:59:47','2011-04-15 02:35:53','2014-04-15 08:34:15','2021-01-10 05:14:02'),(8,57,2,'2012-02-27 02:03:12','2003-02-17 01:06:58','2008-04-07 06:34:16','1976-04-24 15:53:00'),(9,53,3,'2015-05-21 17:21:38','1997-02-14 23:10:57','2016-08-16 23:39:00','2011-02-22 10:00:07'),(9,78,1,'1980-11-25 07:01:01','2009-06-01 10:28:57','2007-09-13 18:09:37','1976-07-27 07:23:38'),(9,97,3,'2017-12-12 09:03:22','1980-02-14 04:39:22','1981-04-06 05:15:43','1979-03-22 18:11:34'),(10,32,1,'1975-08-21 08:52:25','1990-09-17 16:37:30','1981-10-04 03:45:08','1973-05-08 21:11:45'),(10,41,2,'2012-01-04 05:43:37','1984-06-09 10:08:08','2015-11-15 01:20:19','1992-03-09 09:50:42'),(10,98,1,'1993-05-14 09:47:58','2000-12-15 17:29:24','1985-04-21 16:45:25','1987-08-10 00:16:51'),(11,13,2,'1978-10-19 09:55:08','1995-06-04 03:56:22','2002-09-20 17:48:38','2001-02-28 09:10:31'),(11,14,3,'2011-10-07 09:54:45','1974-07-12 22:05:18','2011-07-17 18:34:14','1972-11-19 09:44:10'),(11,19,2,'1973-08-08 22:14:35','1989-03-13 01:10:33','1984-02-07 01:55:38','1995-10-02 10:52:15'),(12,6,3,'1983-02-25 21:53:27','1977-05-23 04:49:12','2008-05-29 15:00:52','1993-07-12 11:24:23'),(12,59,1,'2008-08-21 05:22:50','2004-01-15 05:29:05','2010-09-03 07:25:42','1972-06-29 10:09:48'),(12,62,3,'1998-04-29 04:37:43','2015-11-09 13:09:34','1972-11-02 08:50:48','1974-05-04 10:12:31'),(13,23,2,'1994-05-13 19:26:54','2000-06-19 19:30:09','2011-05-30 23:48:50','1975-07-12 16:53:08'),(13,30,1,'2011-10-27 02:48:07','2009-03-12 07:40:37','2003-09-14 00:45:07','1974-04-14 14:48:57'),(13,37,1,'2000-01-17 04:53:52','1993-12-09 17:58:36','2014-01-13 16:55:42','1980-03-22 04:10:33'),(14,10,2,'2013-02-16 00:47:32','1980-03-03 13:12:56','1996-07-29 03:01:04','2017-12-18 21:16:14'),(14,33,2,'1980-07-18 04:24:22','1985-12-07 19:06:52','1978-02-05 23:40:47','2010-01-11 18:51:03'),(14,89,3,'2009-03-06 05:16:02','1986-12-20 21:53:13','1987-04-18 21:11:23','1982-10-26 19:36:51'),(15,33,3,'1982-01-15 05:07:49','1978-02-23 11:54:40','2014-08-13 14:10:14','2014-05-01 13:54:06'),(15,53,3,'1971-05-17 09:52:24','1973-02-03 15:38:56','2016-10-01 21:20:05','2007-07-30 17:44:44'),(15,56,1,'1970-08-18 09:28:39','1991-10-10 09:06:59','1990-01-12 16:17:53','2009-05-11 13:39:01'),(16,64,1,'2000-04-21 07:59:22','1990-06-22 10:16:43','2003-11-20 21:09:39','2013-09-04 08:52:40'),(16,83,2,'2013-06-17 08:59:30','1983-05-28 10:43:46','2019-06-09 16:38:50','1991-08-13 19:23:26'),(16,96,1,'1970-02-08 13:52:12','1971-08-17 02:56:33','2006-09-18 23:52:23','1992-12-31 16:28:37'),(17,16,3,'2012-02-15 01:59:34','1998-11-19 14:57:27','2020-06-11 09:07:21','1982-12-08 06:16:35'),(17,19,2,'1970-04-16 07:11:19','1997-11-24 15:44:35','1989-08-10 08:44:44','2013-07-31 11:51:56'),(17,84,2,'1988-08-13 08:07:11','2010-10-06 14:10:40','1989-10-03 12:04:37','2015-01-13 00:29:02'),(18,31,1,'1971-07-21 21:19:19','2019-12-29 00:31:05','2012-07-01 15:37:33','1990-08-15 14:27:23'),(18,50,3,'1973-09-02 21:20:08','2016-10-06 17:00:12','1976-07-18 12:04:07','1993-03-02 07:09:36'),(18,75,3,'1979-06-28 09:47:39','1976-12-08 06:13:31','1988-09-09 10:14:04','2017-01-29 12:56:02'),(19,34,1,'1993-12-20 03:30:02','1995-01-25 13:04:24','1998-09-23 09:43:13','2005-11-12 05:09:15'),(19,60,2,'2002-01-27 00:59:12','1996-09-13 02:19:31','1975-03-04 15:11:07','1979-11-13 22:43:42'),(19,86,1,'2019-05-17 16:03:05','1982-10-20 07:41:24','2014-05-20 00:04:25','1983-05-12 05:28:03'),(20,50,2,'1995-05-12 19:40:07','1979-02-27 07:13:39','1980-07-20 08:23:48','1990-05-07 09:14:22'),(20,54,3,'1995-02-07 10:02:16','1992-09-18 02:44:29','2019-07-06 06:34:37','2013-03-19 13:12:42'),(20,59,2,'1995-10-19 15:44:41','1979-07-20 15:49:14','1998-11-06 17:38:47','1997-05-03 11:12:38'),(21,32,3,'2005-05-21 09:26:30','2019-07-19 05:34:13','1989-02-19 12:16:56','2003-07-11 06:49:03'),(21,50,1,'1977-11-16 19:07:43','1992-11-15 23:59:47','1972-06-04 20:22:06','2012-02-22 20:53:45'),(21,98,3,'1975-11-02 16:36:04','1974-01-13 10:57:33','2018-11-08 05:44:57','1992-02-04 04:47:05'),(22,52,2,'1998-03-01 01:01:58','1971-05-07 05:20:25','1989-10-10 18:11:09','2012-03-28 22:47:26'),(22,70,1,'1984-03-05 17:11:09','1984-11-13 13:11:46','2020-06-02 05:45:58','1989-05-09 06:00:00'),(22,79,1,'1998-12-25 08:26:38','1991-09-02 12:46:33','2020-03-22 06:30:07','1982-06-22 19:20:57'),(23,23,3,'2006-07-19 09:48:35','2007-08-25 10:34:56','1998-06-01 19:29:07','1978-03-05 23:28:51'),(23,62,2,'1994-08-07 05:23:07','1973-01-16 21:14:38','2010-10-30 19:42:53','2005-01-19 11:39:43'),(23,66,2,'1973-09-09 18:37:31','1978-11-26 19:34:27','2002-08-30 11:03:47','2013-05-05 20:35:39'),(24,42,1,'1989-02-15 09:51:59','2002-11-01 16:14:44','2017-04-23 03:20:15','1983-07-03 07:36:16'),(24,54,3,'2011-02-06 02:50:11','2007-05-15 07:25:22','1984-08-14 23:02:52','2013-08-31 23:08:20'),(24,66,3,'2011-09-06 11:39:53','1988-11-06 18:10:36','1989-12-09 23:32:02','1993-06-11 23:45:06'),(25,47,2,'1994-06-11 06:24:27','2015-11-11 16:00:53','1976-07-07 14:50:40','1999-08-27 04:41:29'),(25,62,1,'2012-02-12 13:31:18','1978-01-02 15:28:38','2016-03-07 11:04:36','1996-04-26 03:24:20'),(25,91,1,'2001-01-11 06:47:26','1976-03-06 19:43:21','1999-11-19 04:31:29','2015-11-03 01:48:50'),(26,22,2,'2006-08-07 16:15:37','1982-06-23 12:56:16','1977-11-12 10:17:48','1995-02-15 11:06:03'),(26,55,2,'1973-06-02 12:58:21','1999-09-04 02:34:06','1996-01-04 23:29:56','2011-06-21 08:42:24'),(26,95,3,'1976-08-09 01:51:49','1977-12-13 16:35:42','1986-07-18 03:33:59','1977-03-29 22:48:41'),(27,5,3,'1995-06-18 19:45:42','1973-09-19 01:51:17','1983-02-23 16:58:37','2012-07-10 06:21:42'),(27,19,3,'1982-09-19 03:49:21','1972-05-08 05:03:58','2014-11-30 05:35:53','2017-10-28 00:01:39'),(27,42,1,'1977-02-01 02:04:12','1997-09-13 12:39:26','1977-07-10 20:51:23','1975-12-28 00:44:39'),(28,76,2,'2013-03-03 11:15:23','1988-12-11 15:37:30','2000-05-24 16:02:52','2013-10-11 02:56:55'),(28,79,1,'2016-01-14 07:08:52','2017-10-27 15:08:09','1976-04-02 18:27:24','2005-08-11 10:45:55'),(28,87,1,'1986-07-27 14:20:15','1970-03-05 07:44:53','1986-09-19 16:00:44','1982-07-30 07:09:23'),(29,46,2,'1988-07-25 07:12:31','2005-06-26 12:59:15','1978-05-04 10:37:07','1972-03-10 20:59:23'),(29,53,2,'1985-12-19 04:23:59','1998-12-04 21:57:36','1983-04-18 15:12:58','2004-03-29 06:24:41'),(29,61,3,'1973-09-05 04:56:20','2004-11-18 05:33:51','1977-04-21 18:19:31','2009-09-23 20:44:41'),(30,13,3,'2019-10-12 12:06:27','2010-04-15 11:28:12','2007-04-18 14:03:46','1999-09-29 07:48:56'),(30,23,1,'1974-03-08 17:28:10','2008-12-31 12:58:42','2009-05-04 01:00:36','1999-05-16 01:48:54'),(30,42,3,'2004-05-09 09:53:09','1974-12-18 19:08:55','2018-12-25 01:33:00','2002-11-18 19:26:36'),(31,45,1,'1981-08-30 07:20:56','1983-07-01 15:41:51','1990-08-16 19:42:05','1975-12-05 02:58:04'),(31,61,2,'2002-06-06 08:08:31','1999-02-16 07:40:49','1997-01-02 09:36:05','1976-03-24 17:44:15'),(31,67,1,'2016-09-07 08:31:15','1995-05-25 09:33:32','1990-06-17 13:34:24','1973-02-03 09:59:12'),(32,10,2,'1999-02-01 21:06:12','1978-01-23 19:52:56','2000-01-19 01:17:31','2011-09-09 09:08:46'),(32,68,2,'1984-11-01 20:46:54','1989-08-19 21:24:52','1984-05-19 19:53:35','2018-05-27 18:00:58'),(32,96,3,'1986-01-26 17:31:23','2009-02-16 12:53:56','2004-07-08 22:25:30','1981-11-19 14:24:14'),(33,66,3,'2016-03-09 01:56:30','1974-08-21 06:50:08','2003-07-06 06:12:33','1990-01-30 22:58:36'),(33,79,3,'1971-03-10 02:32:32','2005-10-31 06:07:19','1994-06-16 02:36:43','1995-02-04 03:06:58'),(33,82,1,'1983-05-09 15:36:41','1987-01-02 05:40:34','1985-05-25 02:29:38','1997-03-08 22:55:23'),(34,7,2,'1997-05-08 02:21:58','1987-05-22 16:07:38','1999-12-11 03:25:24','2019-06-24 01:39:12'),(34,16,1,'2013-08-08 11:33:23','1972-10-01 21:45:44','2007-07-09 11:48:11','1970-10-12 05:38:16'),(34,71,1,'2004-01-16 10:12:03','2001-02-07 23:10:44','2018-12-29 16:02:01','1977-02-15 03:12:55'),(35,78,3,'2016-07-15 23:09:49','1996-12-23 01:59:34','1998-05-11 09:34:21','2015-11-02 15:43:11'),(35,91,2,'1988-10-07 06:21:10','1987-08-07 22:46:11','2004-03-12 15:51:18','1984-04-24 14:42:25'),(35,95,2,'1970-12-04 10:22:02','2011-09-27 04:44:10','1984-12-29 22:14:57','2018-11-19 03:48:28'),(36,64,1,'1989-09-11 08:58:02','1985-07-07 05:31:10','1988-09-23 23:28:19','2005-07-10 02:51:18'),(36,82,3,'2009-06-30 06:58:16','1982-01-13 06:50:08','2017-05-23 16:08:04','1977-05-02 08:47:28'),(36,83,3,'1993-07-14 22:57:02','1977-09-04 02:00:31','1978-03-02 02:46:48','1974-11-24 17:46:13'),(37,19,1,'1997-01-28 04:48:17','2008-12-30 03:04:11','1972-03-02 23:32:57','1997-09-10 11:06:48'),(37,74,2,'1984-07-06 21:23:13','1975-01-02 21:30:14','1996-09-03 21:53:48','2002-04-23 19:23:05'),(37,83,1,'1999-07-21 02:05:58','2003-02-16 04:20:58','1986-10-29 21:00:47','2006-12-30 03:30:08'),(38,24,2,'1970-10-23 14:38:10','2013-06-12 01:54:08','1997-09-29 15:50:06','2000-04-10 17:26:37'),(38,54,2,'2021-01-17 09:05:06','2001-08-11 01:58:06','1995-03-18 04:09:29','1990-01-25 17:11:14'),(38,65,3,'1974-01-19 08:31:56','1978-05-06 09:15:50','2004-04-24 17:00:15','2000-03-29 01:01:53'),(39,11,1,'2017-02-03 12:44:22','1985-06-04 14:04:49','2006-02-04 11:24:59','1998-02-06 03:35:29'),(39,43,3,'2001-10-23 17:33:00','2008-01-22 01:22:12','1992-04-24 03:48:01','1984-03-10 20:35:01'),(39,63,3,'1997-01-05 00:31:53','1987-04-20 17:18:50','1979-02-19 19:46:17','2001-06-14 18:03:31'),(40,19,2,'1981-04-09 15:04:41','2019-06-04 15:27:02','2008-11-14 01:01:55','2010-11-18 16:21:04'),(40,81,1,'1975-01-20 20:59:37','1975-12-10 16:40:54','2019-06-22 19:52:20','1970-01-30 01:19:44'),(40,92,1,'2015-09-23 17:48:35','1995-12-17 15:58:05','1999-03-19 00:53:17','1985-02-16 00:38:57'),(41,34,2,'1971-08-22 22:48:20','2015-03-03 03:57:01','1981-07-07 18:37:19','2015-01-06 07:26:56'),(41,59,3,'1999-06-19 12:49:04','2006-12-27 21:16:49','2014-08-21 05:36:24','1984-01-16 22:10:06'),(41,67,2,'2013-10-10 23:51:14','1993-06-30 10:06:50','1991-06-15 08:19:18','1972-03-09 06:43:17'),(42,10,3,'1972-05-04 09:01:16','2014-07-05 17:40:43','2003-09-25 15:15:51','1988-01-31 22:55:08'),(42,30,1,'2019-08-19 15:01:25','2019-11-12 00:42:09','1981-12-26 08:13:24','2013-03-26 22:13:27'),(42,77,3,'1974-06-11 14:04:53','1984-02-08 09:37:32','2011-09-22 02:13:57','2020-07-18 12:56:58'),(43,25,2,'1999-09-23 06:00:12','2002-09-29 05:28:33','1984-09-17 22:54:38','2009-01-10 22:29:51'),(43,39,1,'2011-10-26 07:01:52','1971-05-01 06:41:26','1983-02-08 23:04:55','1985-05-19 06:46:22'),(43,79,1,'1984-06-12 23:01:03','1986-04-09 11:17:48','2009-07-13 12:30:54','1970-09-10 08:04:30'),(44,10,2,'2015-10-20 12:12:55','2016-10-02 08:31:03','1983-07-25 02:25:17','2002-11-04 07:23:03'),(44,75,2,'2005-06-21 23:32:05','1985-09-26 04:08:04','1998-06-22 15:43:05','2019-06-14 18:47:48'),(44,94,3,'1995-11-18 14:25:41','2006-06-18 17:02:59','1979-09-12 22:40:47','2000-08-21 10:36:38'),(45,66,3,'2000-07-12 17:14:36','2017-04-18 04:04:19','2009-02-20 18:34:16','2017-12-09 10:32:46'),(45,77,1,'1989-02-27 21:10:43','1981-04-28 23:52:38','1998-07-15 20:30:07','1999-05-24 01:33:00'),(45,81,3,'2018-06-08 01:13:22','1986-01-06 05:15:41','1976-06-29 11:11:01','2018-08-10 12:34:45'),(46,32,1,'2017-01-01 09:32:26','1999-03-29 22:12:40','2004-04-03 11:31:27','2001-07-31 18:14:00'),(46,47,2,'2017-07-27 02:30:06','1974-06-09 01:26:46','2000-05-14 18:54:03','2013-11-06 00:10:08'),(46,83,1,'1991-12-25 14:20:57','2021-02-17 09:18:21','2020-11-03 02:29:51','2004-01-07 22:53:56'),(47,55,3,'1971-07-13 22:19:38','1982-02-17 11:39:44','2014-03-17 11:20:48','1979-04-23 11:43:01'),(47,71,2,'1994-07-17 12:59:17','2006-09-10 05:00:19','1973-06-12 02:31:14','1971-07-16 21:55:00'),(47,88,2,'1998-10-23 13:31:24','1982-09-06 15:53:54','1985-12-03 02:23:34','1975-07-06 05:16:51'),(48,19,1,'2007-09-29 21:26:34','1982-02-11 09:23:02','2001-11-30 15:49:50','1994-09-21 23:00:39'),(48,39,3,'2019-11-13 06:50:59','1993-09-02 02:08:57','2010-12-28 13:17:22','2003-04-12 23:26:28'),(48,89,3,'2010-12-25 01:22:58','2005-06-15 17:03:41','2006-09-05 16:39:36','1995-05-22 17:11:10'),(49,42,1,'1974-11-26 07:56:03','2000-09-01 10:23:53','2008-02-23 04:11:38','2002-05-25 08:59:14'),(49,59,1,'2019-09-16 00:47:24','1999-08-29 14:02:48','1979-07-09 13:06:43','1988-06-07 11:06:50'),(49,98,2,'1995-12-07 13:38:14','1997-04-05 15:00:42','1976-01-06 03:07:10','2021-02-25 15:18:34'),(50,15,2,'2013-12-21 19:11:54','2018-02-27 07:08:18','1986-02-14 20:40:50','1984-10-29 22:45:21'),(50,60,3,'1983-10-03 13:45:19','2014-01-01 17:10:36','1995-04-12 21:58:38','2018-07-28 00:31:42'),(50,82,2,'2019-08-02 17:35:47','1989-05-05 19:32:15','2001-06-08 23:27:15','1989-08-31 09:55:52'),(51,53,3,'1978-11-14 19:35:45','2019-04-16 23:09:58','1979-09-14 20:45:10','1972-05-23 12:04:21'),(51,63,1,'1996-04-07 01:50:55','1990-12-05 00:37:34','2014-08-05 01:31:19','2004-12-10 12:08:41'),(51,90,3,'1992-07-02 11:01:58','2013-11-27 09:25:13','2001-10-31 19:08:26','1974-11-19 07:27:15'),(52,37,1,'1991-11-19 07:25:21','1971-06-21 23:47:57','2010-11-26 12:49:57','1991-11-11 12:44:51'),(52,81,2,'1985-01-09 14:11:26','2006-02-22 15:50:13','1998-03-01 02:54:40','1986-08-12 12:50:20'),(52,100,1,'1971-03-22 11:59:09','2009-08-08 18:53:47','1991-10-03 11:18:01','2009-03-15 00:16:33'),(53,7,3,'1994-12-10 23:43:39','1989-10-16 19:14:27','2004-02-02 16:47:58','1982-12-26 10:18:55'),(53,23,2,'2001-09-11 00:25:57','1987-07-08 21:41:53','1982-05-12 02:37:44','2018-08-14 14:50:41'),(53,28,2,'1984-01-10 22:19:48','1983-06-29 23:01:52','1981-02-17 02:34:57','2008-03-02 07:58:46'),(54,25,3,'1996-02-19 05:45:41','2003-07-18 02:37:29','1980-12-24 17:31:52','1978-12-24 04:42:56'),(54,66,1,'1978-06-10 00:33:49','1981-08-01 01:04:16','1996-11-01 14:36:46','1997-04-09 17:51:00'),(54,82,3,'2021-01-14 01:22:24','1995-11-13 12:19:26','1994-12-17 22:00:40','1971-10-25 10:03:18'),(55,17,1,'2020-02-04 02:25:05','1975-01-02 21:34:19','1975-01-13 07:04:47','2019-03-03 03:34:48'),(55,20,2,'1970-09-15 19:00:50','1988-12-26 01:31:43','1970-08-28 06:43:16','1978-04-18 09:21:58'),(55,39,1,'1978-05-08 20:48:58','2018-11-16 21:54:07','1998-11-10 19:32:16','1993-01-01 02:17:32'),(56,4,3,'1980-11-06 16:26:18','2005-12-24 06:04:31','1986-11-08 18:22:30','1975-08-10 16:11:41'),(56,12,2,'1993-12-24 00:24:45','1983-03-16 15:32:09','1998-11-27 07:03:08','2006-07-28 07:12:35'),(56,24,2,'1997-06-10 01:37:50','1973-09-01 16:50:45','1972-08-22 18:40:58','1986-05-21 07:56:42'),(57,38,1,'2017-10-02 12:09:05','1975-06-08 21:08:53','1978-01-06 12:53:09','2005-05-30 02:46:48'),(57,70,3,'2020-02-18 08:21:15','2000-03-21 01:29:41','1972-02-06 00:19:33','1984-06-09 19:17:44'),(57,73,3,'1973-09-07 01:28:26','1983-01-25 17:00:35','1996-02-06 05:34:54','2013-06-14 22:28:20'),(58,8,2,'1988-07-12 22:39:28','2007-10-10 20:14:27','2006-12-12 13:33:56','1997-03-28 09:18:41'),(58,13,1,'2006-04-10 05:11:11','2017-12-05 21:20:00','1975-02-17 03:22:12','1978-02-19 05:37:35'),(58,83,1,'2020-09-28 20:03:01','1984-12-05 23:17:49','1987-09-18 14:12:21','1982-02-05 03:47:38'),(59,1,2,'1976-10-16 22:47:04','1971-03-15 23:49:16','1972-08-27 10:58:54','1973-08-31 13:34:41'),(59,54,2,'2003-11-12 04:01:04','1972-05-21 10:17:46','2008-11-22 00:16:50','1988-09-02 17:39:48'),(59,57,3,'2019-12-22 06:53:33','2012-03-02 22:28:08','2020-12-09 00:02:50','2008-03-27 22:50:26'),(60,9,3,'1971-04-06 13:07:30','1991-09-23 21:08:28','1989-09-18 09:23:38','1973-11-11 11:54:31'),(60,21,3,'2002-06-12 06:35:25','1998-07-07 21:08:34','2015-02-15 07:02:48','1978-09-15 12:37:34'),(60,68,1,'2013-08-07 15:22:56','2003-10-16 06:31:29','2011-07-05 12:11:09','2017-03-26 14:11:33'),(61,2,1,'1980-06-23 01:15:31','2014-05-26 11:31:34','2021-01-26 07:50:53','2016-08-09 03:11:38'),(61,62,2,'1996-09-16 14:27:09','1998-07-11 19:14:06','2006-02-20 01:05:24','1974-10-12 23:18:16'),(61,97,1,'1992-09-30 16:17:46','1989-12-16 01:20:35','2012-08-25 08:06:38','1974-06-03 12:10:22'),(62,28,2,'1987-12-28 07:45:29','2004-08-09 20:36:25','1980-11-03 10:20:28','1971-05-26 00:46:53'),(62,43,3,'1995-09-24 21:49:29','2000-07-19 15:08:59','1982-04-07 18:22:55','1980-03-02 20:13:12'),(62,100,2,'2010-01-22 13:44:43','1989-03-29 22:56:30','2005-01-22 08:41:11','2013-07-02 17:48:20'),(63,33,3,'1984-03-26 13:43:01','2013-04-28 22:56:53','1980-06-24 05:27:18','1984-11-11 11:08:04'),(63,60,1,'1974-11-01 13:30:23','2013-06-25 21:08:04','1980-11-25 05:56:25','1998-12-12 02:37:27'),(63,75,3,'2017-08-26 18:46:34','1978-01-25 04:33:16','2001-12-14 11:36:40','1975-04-03 20:19:58'),(64,22,1,'1991-11-30 06:24:24','2003-06-26 12:38:07','2005-01-31 22:35:39','1995-05-16 05:19:17'),(64,33,2,'2015-02-11 21:05:04','1973-07-13 20:00:33','1992-12-14 14:16:55','2021-01-03 11:00:49'),(64,52,1,'1987-04-09 14:25:19','2019-11-19 21:08:54','1979-02-18 01:52:04','1986-06-19 14:12:27'),(65,45,3,'2000-11-27 12:43:15','1972-12-21 14:35:42','1979-02-15 20:12:58','1974-03-16 05:21:59'),(65,83,2,'2005-03-19 20:43:07','2009-11-18 03:00:18','1980-09-28 22:02:26','2016-03-01 20:43:58'),(65,89,2,'1971-10-25 21:36:08','2013-10-09 12:02:41','1998-07-12 14:56:44','1987-05-16 20:21:54'),(66,43,3,'1987-09-26 08:49:09','1980-10-05 08:48:05','1983-10-15 14:35:54','1997-12-27 20:57:48'),(66,75,1,'1981-05-25 22:55:26','1979-04-28 00:08:44','2007-11-16 16:02:14','1980-01-10 05:37:09'),(66,93,3,'2015-04-11 23:49:15','1975-06-05 04:03:51','1973-03-14 11:13:29','1998-05-12 16:50:23'),(67,13,1,'1980-06-09 16:08:48','1984-07-22 00:27:04','1990-03-11 21:48:05','2018-05-17 23:59:22'),(67,19,1,'1988-06-23 02:19:24','2003-02-12 04:41:29','2005-09-03 08:17:36','1991-08-03 13:59:57'),(67,76,2,'1997-03-11 15:24:25','2011-05-27 13:18:52','2013-03-03 20:58:34','1974-05-31 10:06:26'),(68,46,2,'1987-02-01 17:21:24','1971-11-03 19:37:45','1974-03-18 02:36:07','2008-03-20 02:29:05'),(68,51,3,'1994-05-17 09:45:41','1999-04-21 21:36:59','2017-10-21 08:28:18','1981-10-04 08:53:14'),(68,99,2,'2010-06-26 12:29:11','2006-03-04 22:16:10','1973-05-19 10:16:24','1999-10-28 23:57:32'),(69,2,3,'1975-11-13 05:37:44','1976-06-16 02:27:30','1983-11-07 14:52:45','2020-04-29 10:06:42'),(69,12,1,'1982-02-10 23:00:42','2007-05-02 04:26:36','1998-09-19 05:49:24','2001-11-05 12:17:45'),(69,27,3,'1990-05-11 16:01:36','1990-02-26 14:28:29','1994-12-04 19:59:48','1974-12-08 15:19:03'),(70,33,1,'2010-08-11 07:28:01','2006-11-01 04:21:58','1972-06-20 18:43:08','1977-03-01 19:11:00'),(70,49,1,'2016-10-26 10:12:52','2008-04-10 21:08:53','2001-11-30 04:09:16','1977-04-18 23:22:32'),(70,85,2,'2000-10-22 11:54:45','1974-01-18 22:50:27','1998-02-01 01:48:06','2003-08-11 01:41:27'),(71,32,2,'1998-12-19 00:26:13','2010-11-12 11:22:42','1989-03-12 11:23:20','1982-03-13 05:22:25'),(71,76,2,'1982-08-11 17:11:11','1982-05-16 09:17:01','1985-05-01 20:27:25','1981-08-28 02:48:39'),(71,90,3,'1976-06-21 18:26:43','1973-03-13 23:29:19','1981-02-23 13:43:08','1985-08-19 09:06:25'),(72,65,3,'1981-03-12 01:48:49','2002-06-24 08:51:22','1980-11-27 08:44:41','2003-07-16 07:28:02'),(72,84,1,'1976-07-27 08:10:15','1975-07-07 13:57:06','1978-04-06 16:53:20','1996-03-21 00:58:29'),(72,100,3,'2011-01-04 03:51:00','2017-08-06 16:53:43','2015-05-23 13:43:02','1997-09-11 21:40:43'),(73,18,2,'1976-07-05 15:08:06','1981-12-21 12:58:46','1983-03-16 06:27:12','2005-09-04 18:46:17'),(73,26,1,'1988-11-23 01:13:39','2015-01-18 22:57:36','2003-08-16 07:13:36','1979-05-05 04:08:38'),(73,85,1,'1993-12-12 13:20:20','2005-09-18 17:16:20','1998-11-05 22:24:05','2001-06-19 04:38:06'),(74,36,3,'2017-02-02 14:23:28','2008-06-29 09:21:31','2007-03-11 03:47:37','1994-04-01 04:50:28'),(74,52,2,'2015-11-23 17:17:47','2007-12-01 13:46:49','1996-10-24 04:18:56','1987-09-20 15:30:09'),(74,78,2,'2018-05-02 22:40:28','1985-02-16 10:36:04','1983-05-04 10:23:43','2011-05-06 12:15:35'),(75,50,1,'2000-08-21 23:55:57','1985-01-05 16:30:01','2018-02-17 02:08:30','2015-11-27 18:17:01'),(75,86,3,'1983-05-18 09:30:49','1986-05-15 07:08:54','2013-02-14 20:39:10','2015-08-20 12:10:13'),(75,98,3,'2007-07-03 01:11:35','2015-12-20 10:22:53','2019-11-22 20:11:37','1990-06-23 06:36:54'),(76,8,1,'1977-03-30 23:55:46','1998-09-17 23:22:21','2015-11-13 17:55:02','1974-05-21 06:33:53'),(76,33,2,'1978-09-14 07:07:46','1977-11-19 00:54:21','1990-04-04 18:49:50','1981-07-22 18:54:41'),(76,57,1,'2020-01-15 11:08:15','1971-12-10 07:15:47','2006-07-27 19:13:12','2009-11-19 22:52:46'),(77,13,2,'1996-02-14 04:17:10','1972-09-25 15:52:16','1985-12-13 17:16:01','2005-10-02 22:35:52'),(77,53,2,'1981-04-22 00:24:31','1970-10-20 22:57:47','1998-01-07 22:03:42','1980-03-09 02:24:12'),(77,89,3,'1996-12-10 23:48:26','2019-12-23 03:10:55','2016-11-30 08:47:54','2015-02-23 10:33:26'),(78,4,3,'2011-10-04 03:15:52','1987-02-17 08:49:55','1979-09-06 12:41:24','1971-06-30 23:27:37'),(78,27,1,'1999-12-17 05:27:50','1982-02-27 01:19:05','1971-06-18 05:57:29','2004-06-08 08:47:06'),(78,91,3,'1983-04-28 02:42:15','1982-07-15 10:19:34','1980-07-24 19:23:42','2006-11-07 11:04:28'),(79,9,2,'1976-01-03 20:32:19','1996-11-26 07:49:56','2012-05-20 18:42:38','2017-07-23 19:45:22'),(79,39,1,'2003-02-17 21:15:32','1974-06-21 20:16:06','1998-02-26 16:51:39','2015-11-12 02:33:47'),(79,89,1,'1992-11-29 18:52:36','2011-09-28 07:43:36','1980-02-06 22:27:40','2011-07-08 19:18:47'),(80,9,2,'1982-01-08 04:10:30','1978-09-28 02:56:05','2012-03-15 09:24:24','1990-02-26 06:24:45'),(80,11,3,'1981-04-17 12:25:08','1970-02-01 12:50:07','1991-11-03 03:07:47','1995-05-28 15:12:01'),(80,12,2,'1990-04-19 18:06:36','2006-03-26 03:33:53','2013-02-16 08:58:39','1976-08-10 10:38:58'),(81,4,3,'2010-12-16 17:16:05','2008-01-16 06:14:25','1991-10-02 23:55:16','1973-08-17 01:09:52'),(81,46,3,'1974-12-27 00:49:22','2015-12-10 13:18:41','1972-11-05 16:42:22','2020-01-20 06:05:33'),(81,54,1,'2004-09-01 00:23:46','1971-10-11 03:56:05','1998-06-08 12:24:08','1975-09-17 14:55:19'),(82,1,1,'2004-06-17 19:00:51','1998-06-08 01:47:57','1978-10-22 08:37:14','1993-01-13 09:22:09'),(82,8,1,'1996-08-10 11:53:34','2009-10-10 08:19:15','2008-05-17 17:19:48','2019-03-24 07:01:27'),(82,24,2,'2006-05-23 11:34:53','1975-08-11 21:09:05','2000-02-16 07:50:27','2001-05-03 12:53:49'),(83,67,2,'2014-10-22 23:21:05','2008-07-06 07:18:39','1979-02-12 03:46:07','1985-10-14 09:36:19'),(83,83,3,'1991-05-30 14:54:05','1987-11-20 05:29:05','1992-10-13 06:15:37','1972-01-06 23:56:22'),(83,93,2,'2009-01-25 09:11:21','1991-07-28 12:04:10','1985-03-27 17:28:44','2002-07-23 14:39:12'),(84,4,3,'1978-06-23 17:20:59','1970-08-31 11:50:31','1986-04-06 06:29:50','1992-03-17 23:33:22'),(84,11,3,'2006-01-13 07:05:49','2001-12-21 23:16:42','1974-11-28 01:25:39','2010-01-31 13:24:29'),(84,13,1,'1993-11-23 05:39:59','1995-05-23 11:09:31','1994-11-25 01:54:14','2005-04-21 19:16:24'),(85,16,1,'1975-01-29 10:15:56','1988-04-23 05:16:02','2011-08-03 19:15:48','2001-11-16 13:11:58'),(85,50,1,'1975-10-26 22:02:11','2008-11-15 16:48:55','1999-06-12 14:51:59','1979-07-14 03:44:45'),(85,68,2,'2007-12-03 21:36:16','1981-12-30 14:52:30','1976-03-28 13:00:28','2010-02-18 00:25:34'),(86,18,2,'1989-01-16 15:30:50','1989-07-05 04:38:27','1988-07-21 04:25:12','2015-11-08 18:30:30'),(86,52,2,'1973-08-06 23:56:00','1977-06-21 01:04:18','1994-12-21 08:54:44','2017-10-28 21:59:41'),(86,99,3,'1975-01-16 12:18:21','2019-10-18 02:04:06','1982-12-01 22:10:51','2017-12-22 03:58:56'),(87,28,3,'2003-10-04 20:47:12','2019-02-10 06:38:09','1986-01-07 23:33:33','1973-06-20 06:56:52'),(87,34,3,'2009-01-10 08:46:24','1983-05-26 09:07:14','1999-05-27 13:34:59','1975-09-18 09:24:06'),(87,45,1,'2008-12-16 17:11:35','2014-12-29 22:28:47','2010-03-23 04:24:29','1974-05-30 11:05:13'),(88,38,1,'1979-10-27 18:42:23','2020-08-12 01:28:45','1994-03-18 03:40:38','1981-05-31 11:22:21'),(88,89,1,'1996-07-03 02:44:53','1971-03-25 00:40:20','2003-07-12 23:15:38','1993-11-25 08:57:00'),(88,91,2,'2009-10-13 04:09:23','1976-11-05 08:08:00','1989-03-17 14:40:28','1973-05-25 19:39:48'),(89,64,3,'2017-10-15 14:55:13','1980-05-02 23:16:33','1985-03-10 13:33:56','2010-09-19 02:27:40'),(89,80,2,'2003-02-10 04:51:22','1995-09-24 19:54:36','2019-10-12 02:44:13','1999-01-12 20:12:25'),(89,98,2,'1996-12-29 04:02:53','1980-11-07 04:30:00','1993-01-22 03:55:02','2006-10-10 12:01:13'),(90,25,3,'2013-03-22 07:42:06','1975-07-16 16:20:57','1986-04-28 21:06:19','2020-03-31 06:46:39'),(90,42,1,'1983-03-16 07:40:03','1985-03-26 01:59:50','1993-08-01 10:22:44','2001-10-28 06:09:49'),(90,51,3,'2018-11-22 19:01:27','2017-12-25 10:34:42','1998-02-20 00:16:19','2009-01-19 10:00:17'),(91,47,1,'1988-06-08 09:19:05','2010-11-14 15:15:15','1978-07-14 23:58:21','2017-05-31 07:28:13'),(91,67,2,'2009-05-23 23:02:38','1988-12-30 12:59:33','1995-10-01 01:09:48','1986-02-16 12:12:12'),(91,76,1,'2012-11-18 02:23:08','1981-04-20 10:00:17','1975-02-14 12:25:54','1980-12-16 01:00:29'),(92,26,2,'1985-11-28 10:38:32','2008-09-22 09:24:57','1976-06-23 15:07:00','2003-01-28 01:34:07'),(92,52,3,'2005-02-24 01:51:04','1990-07-05 09:13:59','1979-06-05 11:55:14','1995-11-14 13:37:16'),(92,95,2,'2009-11-13 23:54:13','2015-09-28 06:38:59','2009-10-20 15:00:00','1990-09-09 08:27:39'),(93,41,3,'2016-08-15 06:24:48','1973-02-28 09:16:58','2003-09-11 12:35:50','2016-11-28 06:48:19'),(93,66,3,'1999-08-27 21:01:51','1977-09-02 06:52:40','1977-07-23 04:07:25','1999-04-08 11:30:17'),(93,97,1,'1997-01-24 05:05:04','2012-05-28 09:26:07','1992-10-24 16:41:50','1983-03-16 21:30:02'),(94,5,1,'1986-04-29 22:30:47','2007-06-08 10:02:37','2004-04-07 16:02:13','2007-07-17 06:53:21'),(94,66,1,'2000-12-25 00:35:37','2019-04-12 13:01:34','2003-11-25 05:27:40','2017-03-28 13:01:54'),(94,74,2,'2017-02-01 04:20:03','2005-08-09 11:48:22','1998-08-03 16:48:49','1993-10-16 14:17:55'),(95,2,2,'1988-10-17 22:05:00','1998-03-22 12:23:05','2009-03-01 08:44:38','2019-02-07 17:14:55'),(95,3,2,'2007-07-09 09:49:16','1994-12-14 15:34:36','2011-07-23 08:17:41','2010-07-23 18:21:41'),(95,13,3,'1979-03-07 18:53:50','2004-08-12 13:57:19','1992-03-25 10:27:34','1974-08-08 00:28:58'),(96,17,3,'2015-01-03 10:57:48','1975-07-21 16:57:10','1973-03-14 05:30:52','1973-03-21 07:18:49'),(96,74,3,'2002-07-11 02:16:36','1989-07-07 06:16:03','1981-05-26 22:52:34','2006-11-17 11:17:51'),(96,86,1,'1993-10-22 12:32:15','1983-06-26 23:07:40','2000-11-10 02:15:27','2001-08-23 13:01:29'),(97,38,1,'2019-12-02 20:47:47','2005-01-24 20:28:12','2020-08-21 08:15:03','1991-06-04 20:31:49'),(97,70,2,'1974-05-06 05:38:08','1971-05-14 21:55:05','2018-10-17 09:05:54','1976-10-10 20:43:25'),(97,90,1,'1984-05-16 15:18:54','2017-04-27 16:48:51','2017-01-16 15:13:23','1993-02-11 15:18:00'),(98,18,3,'1973-06-05 10:25:02','2016-02-02 04:53:39','1988-11-25 03:21:25','1991-10-03 18:45:55'),(98,39,2,'2011-06-26 05:38:18','2015-09-27 00:52:44','1993-03-11 12:03:20','2015-09-16 07:13:58'),(98,61,2,'2017-05-18 22:00:35','2006-09-24 14:52:37','1996-05-21 02:47:59','1987-03-19 10:24:54'),(99,25,3,'2015-01-30 20:11:05','2008-04-22 19:00:10','1981-02-14 07:42:11','2017-06-22 23:19:23'),(99,69,1,'2021-02-03 20:15:27','1992-04-09 14:09:08','1973-12-16 15:54:50','2012-01-09 22:37:24'),(99,93,3,'2017-12-21 11:42:06','1982-05-05 10:44:19','2006-06-12 19:45:25','2015-11-29 11:57:20'),(100,41,1,'1972-09-09 03:43:42','1995-03-12 20:55:40','2000-12-05 02:20:36','2008-07-29 03:58:11'),(100,48,1,'2007-06-26 13:58:25','2007-01-17 10:11:20','1997-06-22 23:51:20','2006-03-01 14:01:40'),(100,95,2,'2018-12-24 12:16:47','1994-06-10 05:41:46','1991-02-11 16:12:46','2010-08-20 21:40:54');
/*!40000 ALTER TABLE `friendship` ENABLE KEYS */;
UNLOCK TABLES;

--
-- Table structure for table `friendship_statuses`
--

DROP TABLE IF EXISTS `friendship_statuses`;
/*!40101 SET @saved_cs_client     = @@character_set_client */;
/*!50503 SET character_set_client = utf8mb4 */;
CREATE TABLE `friendship_statuses` (
  `id` int unsigned NOT NULL AUTO_INCREMENT COMMENT 'Идентификатор строки',
  `name` varchar(150) NOT NULL COMMENT 'Название статуса',
  `created_at` datetime DEFAULT CURRENT_TIMESTAMP COMMENT 'Время создания строки',
  `updated_at` datetime DEFAULT CURRENT_TIMESTAMP ON UPDATE CURRENT_TIMESTAMP COMMENT 'Время обновления строки',
  PRIMARY KEY (`id`),
  UNIQUE KEY `name` (`name`)
) ENGINE=InnoDB AUTO_INCREMENT=4 DEFAULT CHARSET=utf8mb4 COLLATE=utf8mb4_0900_ai_ci COMMENT='Статусы дружбы';
/*!40101 SET character_set_client = @saved_cs_client */;

--
-- Dumping data for table `friendship_statuses`
--

LOCK TABLES `friendship_statuses` WRITE;
/*!40000 ALTER TABLE `friendship_statuses` DISABLE KEYS */;
INSERT INTO `friendship_statuses` VALUES (1,'velit','2019-10-11 02:46:03','1984-02-20 14:44:17'),(2,'id','1998-03-29 10:50:18','1991-05-08 19:37:07'),(3,'quis','2011-09-30 11:21:51','2002-05-10 06:33:28');
/*!40000 ALTER TABLE `friendship_statuses` ENABLE KEYS */;
UNLOCK TABLES;

--
-- Table structure for table `media`
--

DROP TABLE IF EXISTS `media`;
/*!40101 SET @saved_cs_client     = @@character_set_client */;
/*!50503 SET character_set_client = utf8mb4 */;
CREATE TABLE `media` (
  `id` int unsigned NOT NULL AUTO_INCREMENT COMMENT 'Идентификатор строки',
  `user_id` int unsigned NOT NULL COMMENT 'Ссылка на пользователя, который загрузил файл',
  `filename` varchar(255) NOT NULL COMMENT 'Путь к файлу',
  `size` int NOT NULL COMMENT 'Размер файла',
  `metadata` json DEFAULT NULL COMMENT 'Метаданные файла',
  `media_type_id` int unsigned NOT NULL COMMENT 'Ссылка на тип контента',
  `created_at` datetime DEFAULT CURRENT_TIMESTAMP COMMENT 'Время создания строки',
  `updated_at` datetime DEFAULT CURRENT_TIMESTAMP ON UPDATE CURRENT_TIMESTAMP COMMENT 'Время обновления строки',
  PRIMARY KEY (`id`)
) ENGINE=InnoDB DEFAULT CHARSET=utf8mb4 COLLATE=utf8mb4_0900_ai_ci COMMENT='Медиафайлы';
/*!40101 SET character_set_client = @saved_cs_client */;

--
-- Dumping data for table `media`
--

LOCK TABLES `media` WRITE;
/*!40000 ALTER TABLE `media` DISABLE KEYS */;
/*!40000 ALTER TABLE `media` ENABLE KEYS */;
UNLOCK TABLES;

--
-- Table structure for table `media_types`
--

DROP TABLE IF EXISTS `media_types`;
/*!40101 SET @saved_cs_client     = @@character_set_client */;
/*!50503 SET character_set_client = utf8mb4 */;
CREATE TABLE `media_types` (
  `id` int unsigned NOT NULL AUTO_INCREMENT COMMENT 'Идентификатор строки',
  `name` varchar(255) NOT NULL COMMENT 'Название типа',
  `created_at` datetime DEFAULT CURRENT_TIMESTAMP COMMENT 'Время создания строки',
  `updated_at` datetime DEFAULT CURRENT_TIMESTAMP ON UPDATE CURRENT_TIMESTAMP COMMENT 'Время обновления строки',
  PRIMARY KEY (`id`),
  UNIQUE KEY `name` (`name`)
) ENGINE=InnoDB AUTO_INCREMENT=11 DEFAULT CHARSET=utf8mb4 COLLATE=utf8mb4_0900_ai_ci COMMENT='Типы медиафайлов';
/*!40101 SET character_set_client = @saved_cs_client */;

--
-- Dumping data for table `media_types`
--

LOCK TABLES `media_types` WRITE;
/*!40000 ALTER TABLE `media_types` DISABLE KEYS */;
INSERT INTO `media_types` VALUES (1,'consequatur','2014-03-10 21:36:44','1990-04-11 13:33:13'),(2,'hic','1999-12-14 17:41:24','1981-10-05 14:47:24'),(3,'praesentium','1977-07-28 19:20:02','1996-07-29 23:46:07'),(4,'et','2004-01-21 08:49:51','1988-03-11 18:02:33'),(5,'tempore','2007-08-28 15:24:44','2003-06-21 00:11:56'),(6,'sit','2009-06-03 04:06:22','1992-04-01 20:58:30'),(7,'fugiat','1977-04-02 12:45:27','1996-12-06 01:21:56'),(8,'officia','2020-06-30 20:23:48','1979-12-05 12:17:16'),(9,'libero','2013-10-27 21:01:35','1973-12-09 06:59:15'),(10,'velit','1988-03-14 09:01:15','2010-04-17 13:02:04');
/*!40000 ALTER TABLE `media_types` ENABLE KEYS */;
UNLOCK TABLES;

--
-- Table structure for table `messages`
--

DROP TABLE IF EXISTS `messages`;
/*!40101 SET @saved_cs_client     = @@character_set_client */;
/*!50503 SET character_set_client = utf8mb4 */;
CREATE TABLE `messages` (
  `id` int unsigned NOT NULL AUTO_INCREMENT COMMENT 'Идентификатор строки',
  `from_user_id` int unsigned NOT NULL COMMENT 'Ссылка на отправителя сообщения',
  `to_user_id` int unsigned NOT NULL COMMENT 'Ссылка на получателя сообщения',
  `body` text NOT NULL COMMENT 'Текст сообщения',
  `is_important` tinyint(1) DEFAULT NULL COMMENT 'Признак важности',
  `is_delivered` tinyint(1) DEFAULT NULL COMMENT 'Признак доставки',
  `created_at` datetime DEFAULT CURRENT_TIMESTAMP COMMENT 'Время создания строки',
  `updated_at` datetime DEFAULT CURRENT_TIMESTAMP ON UPDATE CURRENT_TIMESTAMP COMMENT 'Время обновления строки',
  PRIMARY KEY (`id`)
) ENGINE=InnoDB AUTO_INCREMENT=101 DEFAULT CHARSET=utf8mb4 COLLATE=utf8mb4_0900_ai_ci COMMENT='Сообщения';
/*!40101 SET character_set_client = @saved_cs_client */;

--
-- Dumping data for table `messages`
--

LOCK TABLES `messages` WRITE;
/*!40000 ALTER TABLE `messages` DISABLE KEYS */;
INSERT INTO `messages` VALUES (1,1,1,'Ratione quis eius sapiente est. Est est voluptatem eum iure praesentium sit. Tenetur et qui aut aliquam.',0,0,'2015-04-03 10:35:22','1991-08-12 13:58:18'),(2,2,2,'Provident eum modi quidem eum odit eum qui. Et consequuntur officia deleniti harum officiis. Et eos et qui et laudantium et.',0,0,'1986-03-16 02:29:46','1998-01-25 20:12:29'),(3,3,3,'Soluta dolorem exercitationem culpa. Totam ratione doloribus ut placeat non ducimus dolore. Tenetur sed exercitationem provident nisi sunt repellat sed.',1,0,'2014-12-30 22:56:05','1980-08-29 20:43:34'),(4,4,4,'Dolores dolor quis itaque in. Temporibus inventore autem consequuntur voluptatem ad placeat itaque laudantium. Dolor eaque velit ut autem voluptatibus aliquam nihil voluptas. Voluptas dolor odit qui aut. Qui debitis ut eos iure distinctio corporis.',0,1,'2013-09-02 00:35:39','1971-09-18 13:28:37'),(5,5,5,'Sequi consequatur eum non facere aliquid. Voluptas ducimus nemo nesciunt. Nihil pariatur ratione quia quia officia repudiandae. Ea dolores ab consequatur saepe quis aut.',0,0,'1993-04-07 18:43:08','1994-07-31 00:32:41'),(6,6,6,'Similique dolorem tempore dolor distinctio eos enim. Totam vitae iure sed qui aut.',0,1,'1987-04-12 11:00:17','2009-06-10 02:49:57'),(7,7,7,'Sunt architecto quia incidunt officia sit nulla qui. Ut enim et molestiae aut deleniti quos quo. Aspernatur libero fuga esse voluptas aut eveniet est. Velit tempore eum incidunt omnis.',0,0,'2016-01-02 05:36:01','1991-09-29 00:33:23'),(8,8,8,'Repudiandae sed et illo veritatis quisquam laborum. Enim placeat quia distinctio. Rerum distinctio aut eveniet illum. Nesciunt ipsum et sunt eum.',0,1,'2006-12-30 09:04:21','2000-09-05 17:52:47'),(9,9,9,'Voluptas qui similique rerum ut facere. At quis quae molestiae. Sunt ab laborum sint deleniti quo dolorem dolores.',1,1,'1991-03-25 11:41:35','1971-08-17 20:17:55'),(10,10,10,'Enim sint eligendi laborum. Aut amet sapiente eligendi quia minima qui quos. Ut alias adipisci ut saepe vel temporibus velit.',1,0,'1971-06-17 07:10:47','1977-05-10 09:43:18'),(11,11,11,'Soluta aut consequatur rerum consequuntur. Laboriosam repudiandae saepe aut error necessitatibus temporibus. Magnam aut consequuntur sed aut mollitia animi.',0,1,'1988-08-21 06:08:25','2005-09-03 12:55:55'),(12,12,12,'Omnis soluta nisi quisquam rerum sint aperiam blanditiis illo. Magnam provident non voluptatem vero aut architecto.',1,0,'1980-01-03 09:56:42','2015-09-01 19:26:44'),(13,13,13,'Expedita qui vel omnis. Modi quia voluptate vel voluptatem rerum quasi facilis. Aut debitis aut dolores rerum est fugiat pariatur.',0,1,'1977-06-12 10:55:58','2008-03-18 16:38:43'),(14,14,14,'Tempora sapiente quidem temporibus voluptas. Aliquam quibusdam consequatur omnis facere ipsa quo. Consequuntur consequuntur facilis tempora fugit quasi.',1,0,'2014-03-05 07:05:29','1994-07-08 04:07:07'),(15,15,15,'Dolore omnis sit molestiae qui officiis natus. Et natus aut soluta facere facere exercitationem suscipit doloremque. Molestiae nam reiciendis quas enim. Repudiandae eveniet velit ut id. Aut labore omnis culpa esse rerum earum voluptates voluptas.',0,1,'1994-12-17 21:20:54','2020-10-30 16:34:34'),(16,16,16,'Voluptates quisquam consectetur aliquam quo temporibus voluptas. Dignissimos debitis ut nisi quaerat voluptas.',0,1,'2007-01-06 05:38:12','1996-10-28 15:04:21'),(17,17,17,'Occaecati eum velit eos aut rerum fugiat qui. Rerum neque et et autem. Velit provident ut est non nesciunt aperiam sunt.',1,0,'1995-04-04 02:28:36','2017-06-22 16:03:09'),(18,18,18,'Nesciunt blanditiis accusantium eum quaerat impedit pariatur eos. Debitis aspernatur nihil est velit id illum vitae. Ipsum amet unde id qui asperiores aut id dolorem. Impedit est vel doloribus aut culpa.',0,1,'2007-03-23 10:10:47','2017-01-03 06:00:21'),(19,19,19,'Sunt ipsa aut qui. At nesciunt quam molestias ea officia possimus vitae. Quod optio aliquid atque vel accusamus. Voluptates et exercitationem sunt magnam quo atque eum.',1,1,'1976-11-06 03:20:52','2010-04-27 22:51:37'),(20,20,20,'Animi commodi qui qui perspiciatis quisquam occaecati. Tempora nobis quod recusandae blanditiis. Veniam quam dolorum necessitatibus. Tenetur earum sint ab odit consectetur ducimus qui.',1,1,'2000-04-26 13:01:18','2001-03-31 21:15:03'),(21,21,21,'Voluptate accusantium dolorem officiis id. Quae minima quae saepe et. Perspiciatis quis aut assumenda. Qui quaerat sit voluptate deserunt.',0,1,'2001-04-29 16:40:20','2005-01-12 09:58:05'),(22,22,22,'Temporibus blanditiis dolore voluptatum sed qui ab provident laborum. Sequi et doloremque molestias et non. Ipsum et non magni omnis autem eum pariatur. Mollitia provident et accusantium fuga exercitationem molestias excepturi. Earum vero aut rerum nemo.',0,0,'1977-01-24 20:57:46','1990-08-21 22:14:52'),(23,23,23,'Voluptatem libero vel dolor tempora aspernatur ipsa. Quia quas nihil voluptas est. Eos est similique et ea ad ab alias. Hic corrupti nostrum similique sit odit cumque molestiae.',1,1,'2005-11-21 17:18:24','2018-05-12 20:00:48'),(24,24,24,'Ea corrupti error quo ex consequatur vel. Eum illum et minus delectus. Et quisquam id libero illum nihil repellendus cumque.',1,1,'2008-10-01 04:47:45','2015-11-08 18:01:29'),(25,25,25,'Voluptas est et amet et repellendus. Culpa cupiditate odit debitis odit est hic. Expedita impedit necessitatibus amet occaecati aut delectus. Sequi error quia quaerat qui dolore voluptatem.',0,0,'1976-09-18 01:58:54','1976-08-14 09:57:02'),(26,26,26,'Tenetur ipsam eum tempora ut id odio. Enim ipsum eveniet ea id nesciunt atque eligendi. Recusandae eius impedit eligendi expedita asperiores velit. Hic pariatur assumenda qui.',0,0,'2004-09-04 04:26:30','1973-01-16 06:22:01'),(27,27,27,'Mollitia necessitatibus aut voluptatem repellat in mollitia. Quo cumque omnis cupiditate minima minus facilis. Voluptatum autem voluptatem velit laborum.',0,1,'1992-08-18 00:02:16','2009-08-05 15:16:24'),(28,28,28,'Est explicabo velit placeat aut maxime ab saepe iste. Aut eveniet et quisquam voluptatem ut rerum. Impedit occaecati quod omnis placeat unde.',0,1,'1997-10-09 18:17:52','1981-11-21 13:09:37'),(29,29,29,'Quaerat est animi quia. Nihil quae unde sequi quae ut at eius doloribus. Est earum corporis voluptate reiciendis eum. Culpa commodi et optio enim non.',1,1,'2018-10-25 16:48:15','2000-03-15 06:46:24'),(30,30,30,'Quo reiciendis illo sequi consequatur autem minus et. Qui neque necessitatibus delectus officiis esse eum laudantium.',0,0,'1985-03-24 18:22:01','2005-12-11 07:40:08'),(31,31,31,'Est quae exercitationem nihil quaerat. Sit occaecati velit quidem distinctio fugit maxime. Unde illo inventore voluptas incidunt placeat. Pariatur sint nesciunt exercitationem impedit corporis natus.',0,0,'1989-02-12 20:34:30','1984-10-31 22:12:06'),(32,32,32,'Nam sit sint harum cum in enim voluptates autem. Quisquam hic sed tempora deleniti. Ut sequi qui assumenda.',1,1,'1979-07-17 00:33:28','2013-06-28 10:38:59'),(33,33,33,'Est aspernatur qui modi velit enim. Quia et debitis odio nobis. Est repellendus nihil exercitationem doloremque quam magni.',1,0,'1999-03-02 08:23:53','1986-09-27 21:49:40'),(34,34,34,'Dignissimos mollitia id quisquam vel cum ipsum. Velit et voluptatem beatae. Quia aut quod distinctio voluptatem blanditiis distinctio. Quibusdam quo id id. Voluptatibus et blanditiis quasi sint.',1,1,'1987-04-15 13:02:08','1999-07-17 04:33:49'),(35,35,35,'Delectus adipisci aut tempora. Qui animi reiciendis reiciendis iure. Sit exercitationem soluta nulla illum molestias iure.',0,0,'2020-07-21 22:54:52','1981-04-29 04:05:07'),(36,36,36,'Autem inventore aliquam neque porro eaque quod voluptatem. Error maxime praesentium aut eius autem maxime animi. Modi explicabo quia alias aut et voluptates adipisci. Sed natus sit quis fugit odit voluptas.',0,0,'1987-05-05 00:37:46','1989-08-02 08:18:18'),(37,37,37,'Vitae architecto enim asperiores eveniet iure id. Rerum a rem saepe voluptatem veniam rerum.',1,0,'1973-03-21 03:14:10','1993-07-15 23:01:15'),(38,38,38,'Amet aliquid tenetur quos natus dolores reprehenderit nobis in. Soluta enim similique asperiores. Qui sit rerum quam molestiae rerum. Quam ut qui voluptatem nihil occaecati.',1,1,'2004-09-11 17:44:32','1983-08-20 21:38:47'),(39,39,39,'Commodi est suscipit hic illo sequi quis. Dolor in beatae dicta ut et debitis qui. Impedit maiores accusamus qui velit illo. Iusto quisquam minima dignissimos rerum neque exercitationem reprehenderit. Voluptate veritatis ipsum necessitatibus ducimus ea nihil.',0,1,'1971-05-26 18:41:05','2013-11-14 21:21:41'),(40,40,40,'Accusantium qui qui dolor cumque aut repellat suscipit. Molestiae et eos possimus eaque aut temporibus impedit. Omnis expedita recusandae aut voluptatibus ut et tempore. Enim quis assumenda ut eligendi quis.',0,1,'1979-08-26 22:10:14','1986-10-19 18:34:32'),(41,41,41,'Est magni velit iusto et tempore. Eum necessitatibus illum inventore et animi. Aliquid illum omnis aspernatur sed quis velit corporis.',1,1,'2014-12-14 14:28:29','1978-09-18 15:03:32'),(42,42,42,'Eum autem vel aut omnis velit. Deleniti vel aliquid dolor provident et incidunt. Fuga quas non quasi eius libero. Aliquam ea laboriosam suscipit voluptatem aut.',1,1,'2005-01-28 05:05:38','2016-12-20 15:27:47'),(43,43,43,'Quo est assumenda dolorem labore cumque eaque. Velit sunt omnis in omnis sunt molestiae praesentium sint. Animi ea dolorum quas dolorem harum ipsam. Sequi nostrum laudantium quae pariatur dolor.',0,0,'1992-03-13 09:27:24','1996-11-07 06:43:08'),(44,44,44,'Et atque blanditiis voluptas accusamus. Esse facere minus itaque dicta et voluptas. Et iusto ab eum architecto quidem et.',1,1,'2018-07-29 17:53:18','1972-01-27 10:04:30'),(45,45,45,'Molestias reiciendis maxime ut dolor deleniti vero. Corporis maiores a non. Et voluptate quasi qui. Autem quo eveniet dolore voluptate ut. Placeat mollitia non in quaerat temporibus.',1,0,'2012-03-25 13:47:42','2004-11-24 05:43:53'),(46,46,46,'Provident eveniet ut suscipit molestias quo qui voluptatem. Saepe aspernatur ipsa cupiditate ab est iusto qui quo. Modi numquam ipsum est ut facere corporis ut.',1,0,'1985-06-17 01:16:26','1975-06-30 08:02:45'),(47,47,47,'Corrupti sint et possimus consequuntur dicta. Ut itaque aspernatur incidunt consequuntur dolorem odio. Non sint aperiam voluptas quo est.',1,0,'2013-06-02 06:35:15','1971-07-01 06:58:37'),(48,48,48,'Earum incidunt incidunt iste aperiam temporibus. Id non dolores placeat assumenda fugiat pariatur. Sequi sit temporibus veritatis doloremque labore quibusdam. Distinctio id ullam fuga sapiente. Voluptas quae eos provident et.',1,0,'1993-03-14 07:22:17','1993-09-20 16:54:02'),(49,49,49,'Et ut corrupti ea sit quos et. Voluptatem maxime ipsam facilis ullam. Molestias similique velit nihil at at. Eum ipsum minus minima.',1,0,'2017-03-05 07:34:18','1995-05-04 09:11:56'),(50,50,50,'Dicta non quo quo possimus. Ut ipsum corrupti soluta in eos provident. Fuga qui voluptas quaerat et animi quo et repellendus.',1,1,'1971-11-11 11:26:27','1970-10-22 16:22:45'),(51,51,51,'Voluptas accusantium et porro aspernatur vero rerum consectetur. Sit aut iusto mollitia velit. Id quam perferendis dolor doloremque enim est quam. Facilis rerum voluptas quasi nulla veritatis odio est.',0,0,'1989-12-01 14:17:25','1999-04-29 04:28:37'),(52,52,52,'Debitis excepturi fuga cupiditate ullam sint aut. Consequatur vel quia quas ea. Et rerum similique amet beatae est. Architecto laudantium dicta sequi vitae in.',0,0,'1984-10-12 14:01:11','1995-11-02 23:31:33'),(53,53,53,'Nostrum dolores error non ipsa. Ipsum nemo non non corporis explicabo nobis.',0,0,'1982-10-21 04:26:30','1993-10-14 15:16:39'),(54,54,54,'Quia placeat tenetur est consequatur. Et quod necessitatibus ducimus ipsa praesentium. Voluptates debitis rem earum molestiae nisi.',0,0,'1986-11-27 23:20:49','1971-09-04 13:22:30'),(55,55,55,'Dolores sint nam aspernatur nesciunt. Nisi facilis voluptates neque aliquam quod. Non occaecati non asperiores vitae atque eligendi.',1,0,'1998-09-06 14:31:42','1982-05-17 20:45:19'),(56,56,56,'Eum cupiditate quia qui consectetur. Voluptatem qui voluptas et cum inventore. Sed et eius et ipsam saepe inventore. Possimus aut commodi vel. Animi nesciunt perspiciatis enim iure.',0,1,'2020-06-28 06:34:14','2018-11-26 16:41:27'),(57,57,57,'Voluptatibus inventore labore incidunt iusto ab corporis. Et consequuntur error suscipit vero. Dolores vel illo illum harum ad commodi est. Autem consequatur est non perferendis animi fuga et in.',1,1,'1998-07-22 04:54:56','2006-03-08 15:43:13'),(58,58,58,'Ipsa dolorem adipisci voluptas accusamus. Voluptas molestiae et provident error laboriosam. Rerum id eos qui aspernatur non.',0,1,'2011-02-08 18:46:02','1985-12-20 11:23:25'),(59,59,59,'Deserunt omnis incidunt qui voluptates ea. Corrupti rerum dolorem optio totam officiis voluptas molestiae excepturi. Dignissimos quia quis eos consequuntur molestias optio.',0,0,'2014-05-22 13:26:59','2019-04-11 05:45:47'),(60,60,60,'Et ut sunt dolor laborum. Reiciendis tempore reprehenderit ex et nihil ut. Vel voluptatem ut maxime ut qui enim nihil.',1,1,'1999-07-30 15:16:37','1981-06-04 11:20:46'),(61,61,61,'Iste fugiat consequatur commodi quam. Ipsum deserunt ut est voluptatem exercitationem. Illum veritatis non accusamus rem tempora quasi maiores.',0,0,'1982-08-16 06:10:00','1971-04-26 14:28:35'),(62,62,62,'Porro iusto minus ut ea. Aperiam rerum deserunt consequatur culpa.',1,0,'1999-01-28 06:47:47','1978-01-29 22:21:14'),(63,63,63,'Impedit sapiente minima nulla cumque. At ut qui voluptatem aut est eos ipsum. Recusandae nemo debitis quo aut provident est fugiat.',0,0,'2004-01-05 23:44:44','2011-05-27 19:35:30'),(64,64,64,'Aut eum laboriosam nostrum in dolore iusto. Sit modi autem aut quis quibusdam adipisci. Possimus doloribus impedit aut omnis. Eius ullam earum non sit.',0,1,'1989-05-23 16:06:03','2005-09-15 06:46:26'),(65,65,65,'Et aperiam veritatis voluptas ut et alias. Sed quia impedit hic. Eos commodi voluptatibus nesciunt non natus consequuntur. Illo neque vero est perferendis incidunt quaerat eaque ea. In non quia aut.',1,1,'1992-11-17 14:19:43','1999-05-02 08:31:11'),(66,66,66,'Beatae soluta dolores aliquid excepturi ab cumque. Eum necessitatibus rerum id. Quibusdam aspernatur aut eveniet tempora fugiat culpa consectetur.',0,0,'2002-05-28 10:13:06','1986-09-05 02:13:06'),(67,67,67,'Ipsa aut numquam quam quae ab. Nam illum quae est velit. Consequuntur aut delectus fuga placeat aut nulla. Qui ea distinctio qui.',1,0,'1996-10-29 15:03:16','1997-04-24 05:06:02'),(68,68,68,'Earum necessitatibus sit ex est. Ut soluta ex aspernatur nihil quas laudantium facere. Laborum consequatur natus sed. Id dolore vel tempora.',0,1,'2008-04-14 16:06:50','2013-09-04 11:58:07'),(69,69,69,'Quasi voluptas amet ipsa vero voluptatem distinctio. Facilis sint et labore excepturi dicta quas. Accusamus eius nisi molestiae dolore voluptas. Voluptatem perspiciatis doloremque illum sit quisquam.',1,1,'1986-01-04 04:57:20','2008-01-29 19:38:00'),(70,70,70,'Quae voluptas voluptas ut esse. Laboriosam deleniti delectus molestias earum harum velit molestias. Itaque asperiores laudantium est totam.',0,0,'2003-04-09 03:36:45','1988-05-02 14:09:32'),(71,71,71,'Aperiam omnis laborum impedit dignissimos est consequatur. Quasi est libero itaque laudantium et sit. Iste sint eligendi et est facere eligendi dolor.',0,0,'1994-01-10 20:04:43','1986-05-15 09:14:43'),(72,72,72,'Qui ad aut quod quia quam dolorem. Officia aliquam a assumenda sint.',0,0,'1985-05-19 21:47:51','1991-02-25 03:54:29'),(73,73,73,'Consectetur id incidunt possimus at repellendus ut non quas. Nesciunt repudiandae assumenda officiis perspiciatis sunt. Omnis ducimus optio facilis rem. Sapiente magnam corporis sunt magnam doloremque.',1,1,'1982-10-06 07:46:12','1986-04-22 02:36:15'),(74,74,74,'Suscipit sit praesentium velit assumenda alias harum. Necessitatibus dolorem pariatur omnis et. Provident recusandae dignissimos fugit laborum animi.',0,0,'2013-08-07 23:37:07','1973-05-10 15:36:20'),(75,75,75,'Et voluptas ut eveniet doloremque repellat modi. Sunt accusamus iusto ipsum modi facilis impedit et. Dignissimos impedit velit id perspiciatis aut. Error unde minima qui et minima. Illo ut ut esse.',1,0,'2002-04-21 15:57:46','2017-10-10 15:54:21'),(76,76,76,'Minus qui sunt inventore vel eum ratione expedita. Numquam dolores illo qui qui. Veritatis ducimus voluptas sequi atque. Qui inventore ipsum sunt ipsum voluptatum autem.',1,1,'1997-08-26 04:12:01','1989-03-29 07:34:21'),(77,77,77,'Enim unde fugiat impedit culpa modi animi quia. Voluptatem nobis et sint recusandae consectetur omnis. Est in vel voluptate et et. Voluptatem labore reprehenderit itaque. Non voluptas ad ex pariatur ex.',0,1,'2010-12-30 07:45:03','2005-02-05 16:35:16'),(78,78,78,'Incidunt voluptatum illum sint fugiat blanditiis voluptate cum. Nobis aspernatur sit qui natus. Et delectus facere fuga sint culpa.',1,1,'1975-06-15 07:15:05','1985-03-26 11:15:26'),(79,79,79,'Consequatur voluptas illum dignissimos quia asperiores. Optio laboriosam repudiandae voluptatem accusamus error. Non sed a explicabo beatae perferendis. Consequatur totam ut laudantium dolorem quisquam pariatur quae.',1,1,'2019-04-19 13:21:44','1972-11-13 18:55:17'),(80,80,80,'Suscipit quod dolor ea repellat nostrum corporis. Sint natus quia delectus vero dolor. Praesentium dolores ut accusamus et unde ducimus. Ea atque voluptas eum sed et ipsum eos.',1,1,'1991-08-03 15:00:20','1987-03-17 08:57:37'),(81,81,81,'Quia amet in velit. Totam praesentium amet tempore. Corporis necessitatibus possimus est corrupti quod laudantium. Sit quae adipisci consequatur ex alias sunt reprehenderit laborum.',0,1,'2000-02-03 10:37:12','1986-12-13 13:00:10'),(82,82,82,'Ea sunt id enim eligendi quae et adipisci voluptatem. Aliquid ut ratione temporibus ipsa. Sint omnis dolor sed quia dolore voluptatum.',0,1,'2000-02-19 15:18:02','1996-04-29 01:43:09'),(83,83,83,'Et ducimus libero repellendus in quod. Sapiente in voluptatem aliquid et.',1,1,'1986-10-22 00:24:35','1980-04-11 16:50:20'),(84,84,84,'Dolorem dicta veritatis veniam ex ipsum omnis. Deleniti iure ut ad ut illum corporis sunt dolorem. Laboriosam pariatur et aliquid qui necessitatibus.',0,0,'2002-01-14 22:50:08','1992-09-07 10:31:59'),(85,85,85,'Sequi molestiae et aliquam id consequuntur ut. Quod rerum adipisci neque quod itaque at temporibus. Provident eligendi non ea iste.',0,1,'2003-01-19 18:46:41','1990-10-03 14:53:04'),(86,86,86,'Velit dolores recusandae neque corrupti. Consectetur non vel veritatis officia qui provident. Magni iusto pariatur nisi veritatis pariatur nihil. Et fuga omnis harum fuga.',0,0,'1984-08-20 06:07:01','1998-06-08 18:41:56'),(87,87,87,'Aliquam quasi quo vel esse. Omnis nostrum in vel dicta porro quia perferendis. Quidem ipsam ullam quisquam quo vero. Exercitationem eius sapiente eveniet doloremque excepturi ipsa vitae.',1,0,'1994-08-25 10:44:25','1971-10-10 16:36:49'),(88,88,88,'Eum dolores quo nihil nemo et veniam. Dolorem quo nihil sed labore iure blanditiis. Iste quasi voluptatum optio exercitationem animi nemo.',1,0,'1999-04-05 03:29:25','2019-09-21 16:59:21'),(89,89,89,'Ex qui quis iusto quisquam. Neque est aut dignissimos maxime dolore voluptatem. Minima reprehenderit ullam nisi placeat. Est dolore maxime vel et itaque illum a.',1,1,'2013-03-03 14:47:46','2006-09-03 17:43:10'),(90,90,90,'Dolores natus enim quia voluptatem. Quis eum ea sequi sunt deserunt. Doloremque expedita sit rerum porro rerum sit.',0,1,'2018-01-22 11:16:50','1989-05-08 23:30:51'),(91,91,91,'Culpa consequatur doloremque sunt dolorum ullam non vel. Sunt beatae numquam sed. Distinctio illum doloribus doloremque quasi voluptatum dolor enim quo. Illo enim totam iusto consequatur unde voluptatem.',1,1,'1990-07-12 13:32:55','1976-08-05 02:03:42'),(92,92,92,'Eius vel eum et velit consequatur dolores sit. Ipsam consequatur non maiores. Consequatur quibusdam nesciunt dolorem commodi nobis.',0,0,'2007-05-23 14:16:31','1987-07-21 05:23:10'),(93,93,93,'Delectus perspiciatis nostrum quam est sint sit totam quis. Et facilis corrupti et quis et ut omnis. Hic harum animi perspiciatis placeat explicabo sunt iure.',1,0,'1986-02-23 17:41:36','2013-02-28 09:21:26'),(94,94,94,'Esse earum alias et ea totam. Quam qui ullam corrupti veniam fuga nam eius soluta. Dolore eum nobis voluptatibus suscipit.',1,1,'1981-03-21 04:20:57','1970-10-03 03:15:43'),(95,95,95,'Ipsa ad quasi quisquam. Repudiandae ut dolorum placeat consectetur ducimus et et. Quae vero fuga aut.',1,0,'2007-07-26 09:50:51','2003-08-09 06:37:26'),(96,96,96,'Similique nesciunt exercitationem maiores et. Consequuntur vero ea rem voluptatum deleniti. Enim nihil explicabo et excepturi. Omnis ipsum nihil architecto aliquam pariatur nam aut.',1,0,'1976-05-03 10:57:56','1980-12-14 11:40:52'),(97,97,97,'Voluptas recusandae sit modi. Tenetur sit sunt numquam sint. Consequuntur autem eos voluptas cumque earum nihil quasi. Ipsam alias eius in et odit enim quia.',1,1,'1995-04-28 10:56:47','2017-02-07 13:39:00'),(98,98,98,'Voluptatibus eaque quia voluptatem incidunt recusandae voluptatem eum. Rerum eum voluptas enim id neque vel quidem. Et fugit quae in ut omnis et. Dolore inventore aliquam molestias commodi dolor.',0,1,'2018-01-29 17:02:18','2020-02-26 13:58:47'),(99,99,99,'Occaecati maiores aut mollitia. Non voluptatem aut non in. Soluta ut asperiores dolorum ut illum.',1,1,'2001-12-28 07:11:24','2018-12-23 11:39:33'),(100,100,100,'Aut eaque ut tempore dolores aut. Deserunt architecto tempore quis aliquid. Vel magni rerum illo aspernatur.',0,1,'2009-10-13 23:45:42','2008-05-30 07:14:19');
/*!40000 ALTER TABLE `messages` ENABLE KEYS */;
UNLOCK TABLES;

--
-- Table structure for table `profiles`
--

DROP TABLE IF EXISTS `profiles`;
/*!40101 SET @saved_cs_client     = @@character_set_client */;
/*!50503 SET character_set_client = utf8mb4 */;
CREATE TABLE `profiles` (
  `user_id` int unsigned NOT NULL COMMENT 'Ссылка на пользователя',
  `gender` char(1) NOT NULL COMMENT 'Пол',
  `birthday` date DEFAULT NULL COMMENT 'Дата рождения',
  `photo_id` int unsigned DEFAULT NULL COMMENT 'Ссылка на основную фотографию пользователя',
  `status` varchar(30) DEFAULT NULL COMMENT 'Текущий статус',
  `city` varchar(130) DEFAULT NULL COMMENT 'Город проживания',
  `country` varchar(130) DEFAULT NULL COMMENT 'Страна проживания',
  `created_at` datetime DEFAULT CURRENT_TIMESTAMP COMMENT 'Время создания строки',
  `updated_at` datetime DEFAULT CURRENT_TIMESTAMP ON UPDATE CURRENT_TIMESTAMP COMMENT 'Время обновления строки',
  PRIMARY KEY (`user_id`)
) ENGINE=InnoDB DEFAULT CHARSET=utf8mb4 COLLATE=utf8mb4_0900_ai_ci COMMENT='Профили';
/*!40101 SET character_set_client = @saved_cs_client */;

--
-- Dumping data for table `profiles`
--

LOCK TABLES `profiles` WRITE;
/*!40000 ALTER TABLE `profiles` DISABLE KEYS */;
INSERT INTO `profiles` VALUES (1,'P','1994-05-20',2,'Est iusto placeat eum quia.','East Lucile','Slovenia','1997-07-07 17:51:15','1980-06-14 09:52:25'),(2,'D','1991-02-04',19,'Est cumque animi vitae officii','Port Antwon','Cambodia','2012-12-31 20:26:50','2010-09-23 09:31:51'),(3,'P','1978-04-04',77,'Vel non vero odit vitae nesciu','New Leomouth','Ireland','1997-01-15 19:40:26','2012-11-01 04:00:29'),(4,'M','1980-11-28',24,'Rerum dolor dolorem dolores la','Grahamstad','Eritrea','1989-05-18 20:43:13','1979-09-03 15:03:41'),(5,'M','1977-11-09',54,'Libero neque veritatis enim re','Smithmouth','Armenia','2009-03-10 22:01:17','2018-06-02 06:17:13'),(6,'M','1988-09-11',89,'Debitis tempore magni placeat ','Jakubowskiborough','Panama','1984-12-19 03:46:44','1971-07-11 05:40:45'),(7,'P','1988-07-28',66,'Est nulla est aut reiciendis d','South Barrymouth','Congo','1980-06-29 14:55:25','1976-11-24 12:03:10'),(8,'D','2005-04-28',74,'In sit quo qui at adipisci.','North Bethany','Zimbabwe','2018-06-11 01:29:27','1980-02-08 22:51:45'),(9,'D','1993-04-13',59,'Qui doloribus error qui.','Port Barton','Nauru','1994-04-26 00:55:44','1971-05-26 06:46:30'),(10,'M','2017-03-29',27,'Aut vitae cum et at iste iusto','East Imani','Cameroon','2000-03-14 23:44:22','2000-07-25 13:10:48'),(11,'P','2004-07-16',24,'Cupiditate quia pariatur ex la','Lednerfurt','Algeria','2012-12-15 15:16:23','2015-07-04 20:24:48'),(12,'M','1997-06-14',73,'Aperiam facilis consequatur de','Gottliebmouth','Denmark','1983-11-09 06:31:57','1982-03-09 13:24:45'),(13,'D','2002-11-28',90,'Voluptas beatae aut cumque dol','Lynnbury','British Virgin Islands','1975-12-17 12:26:57','1994-02-07 03:01:10'),(14,'M','2013-06-12',19,'Labore eligendi sunt quibusdam','North Assuntaland','Mozambique','1993-11-03 09:24:38','1980-02-28 14:49:38'),(15,'M','1981-12-23',40,'Voluptatem qui rerum ab quae e','West Gerry','Angola','2005-08-24 01:06:44','1976-05-01 20:57:41'),(16,'D','1978-01-24',17,'Omnis dignissimos voluptate mo','Tomasaport','Turkmenistan','2000-02-28 20:54:04','1978-08-22 06:53:40'),(17,'P','1988-01-06',73,'Omnis dolor ut soluta aliquid ','South Cara','Saint Vincent and the Grenadines','2009-02-13 13:19:27','1980-09-06 06:32:01'),(18,'M','2010-03-30',85,'Fugit beatae omnis assumenda q','Elsehaven','Guinea','2016-08-27 11:21:51','1999-09-21 02:31:40'),(19,'P','1981-07-26',18,'Quibusdam hic autem eum labori','North Jaqueline','Cape Verde','1983-01-04 12:00:25','2004-07-12 09:53:34'),(20,'P','1985-12-23',64,'Aut officia optio laboriosam u','Lake Vicky','El Salvador','1985-10-27 19:20:57','1987-11-09 18:28:40'),(21,'P','1986-03-22',48,'Odio ut voluptatem laudantium ','Port Deanna','Guinea','2008-08-05 23:01:14','2010-06-28 22:48:23'),(22,'P','2006-04-06',2,'Eligendi et esse dolor numquam','East Catalina','Switzerland','2003-09-15 05:33:24','1970-06-25 11:08:38'),(23,'D','2001-06-24',86,'Dolor in voluptatem aut.','Lake Paolo','Jordan','1981-04-20 14:49:37','1970-10-07 02:23:27'),(24,'P','1983-03-06',16,'Eum similique voluptas aut iur','West Columbus','Yemen','1993-05-17 02:46:57','1976-05-17 05:50:52'),(25,'P','1971-12-18',13,'Et neque nihil nulla nam neces','Aliciaborough','Kiribati','2012-02-17 03:53:13','2014-09-19 04:47:32'),(26,'P','2012-01-20',46,'Illum praesentium corrupti est','Boyleside','Afghanistan','1986-02-05 00:56:29','1991-03-13 15:49:48'),(27,'M','1976-11-10',73,'Culpa dolorum facere eligendi.','Rosiemouth','Guernsey','1998-09-23 19:41:54','1978-02-26 12:46:08'),(28,'M','2012-10-03',42,'Amet reiciendis sapiente asper','Kassulkeview','Israel','1980-04-14 12:41:07','1970-06-06 18:20:21'),(29,'M','1982-12-19',57,'Qui aperiam tempore voluptatem','Lakinfurt','Costa Rica','1972-09-07 16:48:25','1985-10-11 18:01:11'),(30,'D','2000-11-18',9,'Necessitatibus facilis ut est ','Natashaview','India','2001-07-16 15:10:36','1980-07-21 21:20:21'),(31,'D','1979-01-27',16,'Corrupti iusto velit quod quis','East Eliseview','Zimbabwe','1993-05-19 07:00:57','2005-11-04 12:22:29'),(32,'P','1984-04-21',62,'Repellat similique perferendis','Justusview','Vanuatu','1971-11-16 19:26:28','1996-08-17 17:45:34'),(33,'P','1972-08-27',31,'Voluptatem labore neque sed et','Blickborough','Netherlands Antilles','1993-05-17 07:01:30','1988-11-27 04:26:26'),(34,'M','1981-03-22',12,'Amet delectus et molestias aut','Kylieton','Costa Rica','2001-05-19 18:17:24','1999-07-03 05:35:03'),(35,'D','2012-05-26',70,'Repudiandae occaecati magni si','Lake Deshaun','Tokelau','1984-12-30 22:24:30','1999-06-26 10:03:59'),(36,'M','2004-06-01',11,'Voluptatem sit sed quis laboru','New Gwendolyn','Holy See (Vatican City State)','2012-12-21 05:31:00','1972-02-05 06:12:51'),(37,'M','2015-04-14',74,'Libero totam ipsa aut ratione.','North Kasandrafort','India','2006-06-09 13:15:16','2004-06-26 21:27:27'),(38,'P','1999-01-16',10,'Officia voluptas molestias qui','West Blaze','Cyprus','1982-06-26 18:27:50','1970-08-23 12:57:32'),(39,'M','2015-03-05',49,'Cumque ipsum laborum et tempor','West Dulce','Saint Kitts and Nevis','1998-09-24 04:52:51','2015-07-28 11:22:20'),(40,'P','2010-02-28',17,'Tenetur hic voluptate et volup','Hilllbury','Grenada','1990-10-22 18:12:21','2002-05-13 10:32:25'),(41,'P','2002-11-07',98,'Architecto quaerat placeat cup','Bartonstad','Iran','1970-07-15 07:03:23','1983-12-28 04:58:48'),(42,'M','1983-11-03',11,'Placeat deserunt facere sapien','O\'Reillyton','Denmark','2017-08-02 17:54:08','2002-09-22 10:46:36'),(43,'M','1992-01-23',32,'Cum hic id aliquam quaerat dol','Marksmouth','Sri Lanka','2003-12-01 14:27:58','2015-01-22 21:08:29'),(44,'P','2000-03-08',41,'Eum qui iste provident saepe m','Waelchimouth','Svalbard & Jan Mayen Islands','2006-09-04 12:44:43','2009-02-28 10:29:05'),(45,'M','2003-03-27',64,'Illum eos sed nihil quia volup','South Earnestfort','India','2017-08-04 17:05:46','2015-11-15 05:20:11'),(46,'D','1974-07-10',84,'Pariatur omnis earum aut porro','New Kayliview','Andorra','2012-05-06 14:08:58','1993-09-08 08:59:18'),(47,'M','1991-12-26',31,'Corporis labore nulla nihil po','Mazietown','Cyprus','2009-08-03 23:42:17','1971-04-06 02:55:01'),(48,'M','1981-04-28',23,'Maiores sit fugiat alias quo.','New Reynold','New Zealand','2013-07-21 23:13:44','2010-03-13 01:56:58'),(49,'M','1992-11-30',77,'Est quam enim reprehenderit ut','Lonzostad','Djibouti','1971-01-13 04:53:12','2010-12-19 04:26:19'),(50,'D','2006-07-10',35,'Molestiae sed aliquam et corpo','Leschberg','Guernsey','1994-05-18 15:54:27','2001-10-25 08:48:21'),(51,'P','2021-01-29',64,'Ullam distinctio animi blandit','West Genoveva','Haiti','1997-10-08 13:08:16','2015-03-26 18:03:30'),(52,'M','2019-12-10',66,'Consequuntur assumenda fuga ea','New Mariano','Honduras','1971-05-09 14:58:29','1996-03-09 05:17:46'),(53,'M','1983-06-03',58,'Quaerat quae consequatur tenet','Port Rachelle','Saudi Arabia','2008-07-20 16:21:26','2012-12-25 01:53:30'),(54,'D','1976-12-05',9,'Est praesentium ad aut magnam ','New Eldonview','Saudi Arabia','1984-05-24 13:04:43','2014-09-01 03:41:10'),(55,'D','2016-11-15',25,'In quisquam ut nisi nemo est.','Richmondfurt','Spain','2015-04-08 06:08:35','1990-07-24 18:53:52'),(56,'M','1995-02-01',43,'Nostrum ea qui exercitationem ','East Rileymouth','Puerto Rico','2014-06-01 17:45:02','2012-05-19 13:34:12'),(57,'D','1977-08-08',90,'Earum commodi ipsam qui perspi','New Norwoodland','Chad','1971-01-10 22:58:14','1972-07-10 06:57:57'),(58,'M','1982-06-27',34,'Saepe accusamus mollitia volup','Annabellfurt','Argentina','1991-04-22 21:50:41','1980-03-03 22:49:58'),(59,'M','1983-01-04',10,'Similique velit culpa ea adipi','Kertzmannchester','Israel','1986-08-03 03:21:16','2013-11-25 22:11:49'),(60,'M','1970-07-27',61,'Ullam error commodi dolorum ac','Herminaville','Botswana','1999-08-20 20:39:31','1991-02-05 00:38:03'),(61,'M','2014-06-29',12,'Officiis sunt totam sunt amet ','South Ethelynfort','Gabon','1974-01-18 12:11:12','1976-10-18 03:15:51'),(62,'M','2002-10-10',4,'Placeat cum illum debitis aspe','South Foresthaven','Thailand','1977-01-22 22:38:34','2008-11-16 23:21:53'),(63,'M','1976-01-11',78,'Consequatur sunt neque maiores','Rivertown','Vanuatu','1977-10-07 07:23:01','1977-06-20 15:58:20'),(64,'M','1971-08-28',18,'Aliquam nihil voluptatem quia ','North Arlie','Barbados','2001-02-07 10:55:29','1983-05-08 03:30:37'),(65,'P','1989-07-07',52,'Eos autem eos repudiandae qui.','Bradtkeshire','Andorra','2011-08-05 21:48:30','1990-07-16 22:10:04'),(66,'M','2000-05-21',19,'Aut natus quia incidunt ut nob','Betsyfurt','Poland','1984-03-28 02:42:56','1980-03-23 04:30:19'),(67,'P','2004-10-04',22,'Vel autem voluptatem sed.','South Edna','Bhutan','1984-02-08 04:57:03','1997-05-17 08:47:18'),(68,'P','2018-08-21',31,'Qui corporis perferendis non e','Edenfurt','Hong Kong','2005-05-18 14:15:00','2015-01-30 11:08:09'),(69,'M','1984-11-23',96,'Doloremque aliquid aperiam opt','West Elise','Congo','2007-12-14 19:33:20','1976-08-14 06:24:14'),(70,'D','2002-07-28',65,'Est et vitae unde ullam ut aut','Deckowton','Dominica','1976-11-16 00:40:46','2008-01-16 12:34:48'),(71,'M','1976-12-11',32,'Aut voluptatum omnis porro ear','Schillerfurt','Pitcairn Islands','1996-02-21 11:19:23','1995-07-12 11:51:44'),(72,'D','2004-05-20',93,'Ratione tenetur neque aut aspe','Marianoside','British Indian Ocean Territory (Chagos Archipelago)','1996-08-19 00:48:02','2003-03-15 18:13:59'),(73,'M','1991-05-05',98,'Iure eos animi nisi consectetu','South Sophie','Marshall Islands','2002-12-24 13:14:13','1987-09-09 03:21:35'),(74,'D','1986-08-03',62,'Voluptas dolor nam aut illo qu','East Lulu','Libyan Arab Jamahiriya','1993-01-22 18:16:38','1992-08-27 01:20:32'),(75,'D','1986-03-13',100,'Deserunt aliquam maxime dolore','South Manleyberg','Heard Island and McDonald Islands','1980-11-24 00:12:59','1972-03-19 01:04:18'),(76,'M','1971-05-26',55,'Laudantium omnis asperiores qu','Lake Wilfredoburgh','Guatemala','1994-05-23 05:16:01','1983-05-26 02:00:01'),(77,'P','2012-12-02',52,'Molestias voluptas non et itaq','Lake Dominique','Brazil','1978-01-04 09:13:03','1973-06-19 19:20:22'),(78,'M','2008-04-27',30,'Voluptatem sint nostrum autem ','New Percyland','Saint Lucia','2015-07-31 16:03:23','2018-12-16 14:41:07'),(79,'M','2015-05-19',17,'Sed nesciunt natus temporibus ','East Morrisside','Cocos (Keeling) Islands','2012-04-23 06:06:57','1981-04-06 17:26:54'),(80,'P','1994-12-26',10,'Cum alias temporibus totam mod','South Leila','Afghanistan','2020-02-26 20:51:35','2014-01-12 01:24:37'),(81,'P','1985-04-01',34,'Unde animi ut error minus volu','New Cathrine','Slovenia','2016-12-14 08:16:22','2011-09-11 23:38:23'),(82,'M','1987-02-07',1,'Quo illo fuga culpa ipsam ipsa','Sofiatown','Myanmar','1995-08-11 16:08:54','1985-03-04 14:45:12'),(83,'M','2010-05-30',59,'Facilis nisi unde at in pariat','West Yesseniaton','Tonga','1989-01-14 14:02:49','1990-06-08 13:33:22'),(84,'M','2007-09-11',17,'Sint aut delectus qui et sit c','East Brandonbury','Swaziland','2001-01-27 20:35:51','2019-09-25 23:27:16'),(85,'D','2020-01-12',92,'Velit iusto explicabo accusamu','Krisshire','Saudi Arabia','1982-07-07 04:12:17','2004-11-30 21:12:02'),(86,'M','1979-06-17',21,'Est maxime in qui numquam.','North Gussie','New Zealand','1993-06-19 19:32:39','1993-07-17 09:15:43'),(87,'D','2000-12-16',27,'Labore eos et repudiandae aliq','South Santoston','South Africa','1997-02-24 10:33:28','2003-12-26 15:16:28'),(88,'P','2000-09-30',75,'Vitae eius corrupti voluptatem','North Tryciaberg','Portugal','1971-12-02 17:28:22','1999-11-08 05:10:18'),(89,'P','1995-03-13',93,'Suscipit neque esse ea sint re','Ryleeton','Peru','2006-01-14 10:50:06','1974-03-22 04:47:34'),(90,'P','1971-10-18',9,'Illo veritatis tempore nostrum','Jordanbury','Sierra Leone','2013-03-17 03:27:21','2013-09-11 03:36:51'),(91,'P','2018-12-08',15,'Molestiae et ratione ipsam per','Lake Laurieland','United Arab Emirates','1971-03-28 06:29:22','2019-11-22 13:50:53'),(92,'M','1983-08-25',65,'Voluptates natus omnis tempora','Lake Janie','Israel','1983-08-26 18:03:57','2011-02-09 17:04:59'),(93,'P','1983-01-11',86,'Mollitia occaecati sunt doloru','Goyetteburgh','Canada','1991-04-12 23:23:29','1986-10-10 01:32:04'),(94,'P','2013-11-09',45,'Omnis saepe odit quia at ipsum','New Ignacio','Palau','2010-04-07 08:44:31','1971-02-28 21:26:26'),(95,'M','1972-02-19',55,'Ipsum aut suscipit modi iusto ','Lake Brendaville','Honduras','2001-11-02 11:41:58','1987-11-08 03:27:56'),(96,'M','1974-09-08',27,'Quia aliquam laborum sapiente ','Abbottport','Austria','1976-04-07 09:26:29','1990-09-15 17:14:02'),(97,'P','1984-03-21',79,'Dolores molestiae deleniti occ','West Jeromy','Burkina Faso','1976-06-07 11:19:45','1971-01-19 08:00:02'),(98,'P','1980-09-18',98,'Unde facilis laudantium cupidi','East Lavon','Tunisia','2011-11-26 22:23:55','2007-08-11 08:53:08'),(99,'M','1993-05-20',99,'Nisi eum quaerat molestiae omn','Watsicafort','Philippines','2004-06-05 05:11:05','2006-07-31 07:06:41'),(100,'D','2020-05-05',23,'Autem consequatur occaecati ma','Port Chasityberg','Japan','1971-06-20 19:27:14','1997-09-06 14:32:54');
/*!40000 ALTER TABLE `profiles` ENABLE KEYS */;
UNLOCK TABLES;

--
-- Table structure for table `users`
--

DROP TABLE IF EXISTS `users`;
/*!40101 SET @saved_cs_client     = @@character_set_client */;
/*!50503 SET character_set_client = utf8mb4 */;
CREATE TABLE `users` (
  `id` int unsigned NOT NULL AUTO_INCREMENT COMMENT 'Идентификатор строки',
  `first_name` varchar(100) NOT NULL COMMENT 'Имя пользователя',
  `last_name` varchar(100) NOT NULL COMMENT 'Фамилия пользователя',
  `email` varchar(100) NOT NULL COMMENT 'Почта',
  `phone` varchar(100) NOT NULL COMMENT 'Телефон',
  `created_at` datetime DEFAULT CURRENT_TIMESTAMP COMMENT 'Время создания строки',
  `updated_at` datetime DEFAULT CURRENT_TIMESTAMP ON UPDATE CURRENT_TIMESTAMP COMMENT 'Время обновления строки',
  PRIMARY KEY (`id`),
  UNIQUE KEY `email` (`email`),
  UNIQUE KEY `phone` (`phone`)
) ENGINE=InnoDB AUTO_INCREMENT=101 DEFAULT CHARSET=utf8mb4 COLLATE=utf8mb4_0900_ai_ci COMMENT='Пользователи';
/*!40101 SET character_set_client = @saved_cs_client */;

--
-- Dumping data for table `users`
--

LOCK TABLES `users` WRITE;
/*!40000 ALTER TABLE `users` DISABLE KEYS */;
INSERT INTO `users` VALUES (1,'Sandra','Feil','vrenner@example.net','034.421.7988','2004-08-23 11:47:02','2015-11-18 17:06:32'),(2,'Zita','Thiel','oliver.hilpert@example.com','326-178-6521x7297','1972-02-21 16:54:35','2007-03-26 09:16:35'),(3,'Ward','Grady','sofia63@example.org','1-205-429-6439x29269','1973-08-30 20:56:40','1975-11-26 19:45:12'),(4,'Robyn','Schaden','hessel.joel@example.org','448.886.8343x03053','2004-07-10 17:57:03','1989-03-22 14:14:37'),(5,'Virgie','McGlynn','ashly77@example.com','06436767495','2014-04-25 00:10:52','2012-04-15 01:17:10'),(6,'Emelie','O\'Reilly','mraz.gennaro@example.com','1-803-449-6235','1981-11-26 19:55:54','1989-12-25 12:02:54'),(7,'Molly','Wyman','jnitzsche@example.com','1-638-242-0297','1985-04-25 14:39:58','1993-02-19 11:41:56'),(8,'Isabella','O\'Conner','ernestine61@example.org','1-377-920-6948','1974-03-31 14:53:04','1984-11-07 02:42:21'),(9,'Janice','Lueilwitz','uturcotte@example.org','(435)070-8840x787','1997-12-27 09:11:57','2006-06-19 08:08:54'),(10,'Tad','Marvin','amiya02@example.com','(372)861-2853x33732','2018-08-03 04:29:53','1999-06-14 00:27:24'),(11,'Tressie','Fahey','wisoky.charlotte@example.net','792-984-1672x0136','1998-03-11 07:40:22','1970-11-21 14:53:14'),(12,'Ben','Toy','walker.torphy@example.com','041.889.8564x129','2019-12-01 06:53:21','1974-03-31 22:17:56'),(13,'Regan','Beer','tstiedemann@example.com','1-550-464-7845x38109','2003-09-21 20:00:07','1983-08-27 05:31:44'),(14,'Melissa','Klocko','carmen00@example.com','1-597-360-6952','2008-06-20 20:30:30','1988-01-21 06:17:11'),(15,'Rosalia','Corwin','barton.eloy@example.net','086-119-1325x8742','1972-01-09 10:45:44','2011-12-31 18:07:19'),(16,'Ferne','Homenick','carey25@example.com','010.558.3890x982','1976-07-12 00:15:20','1971-06-18 03:57:23'),(17,'Marjorie','Romaguera','aglae.kerluke@example.net','+91(3)7365397364','1987-02-07 20:25:16','1988-05-17 02:30:53'),(18,'Alvena','Hickle','wgleason@example.net','(575)788-3963x345','1973-11-13 04:07:06','2012-03-05 06:01:07'),(19,'Lauretta','Kertzmann','upowlowski@example.com','459-709-7899','2001-08-10 08:42:55','2019-01-07 06:15:25'),(20,'Mittie','Fadel','eleanore27@example.net','(216)722-0648x200','2017-12-27 03:27:10','1975-07-13 12:56:58'),(21,'Ronaldo','Rempel','vsmith@example.com','287.534.6406','1975-04-16 13:42:32','1981-09-11 13:37:27'),(22,'Eliseo','Rolfson','gmcclure@example.org','475-921-9763','2018-08-27 18:26:28','2007-12-09 21:26:06'),(23,'Deion','Friesen','mdoyle@example.org','430.841.3902x362','1975-09-14 17:51:12','2012-12-21 07:34:51'),(24,'Chandler','Shanahan','cleora.hermann@example.org','111-198-2075x1729','1971-04-25 23:59:10','1981-03-08 18:23:17'),(25,'Abner','Blick','esperanza17@example.com','434.534.4295','2013-07-28 01:05:45','1988-10-27 12:34:32'),(26,'Layla','Russel','jstracke@example.com','(953)271-7029x514','1984-07-27 21:53:09','2010-07-07 09:20:29'),(27,'Eudora','D\'Amore','uquigley@example.net','(366)429-5454','1997-12-05 23:16:23','2010-05-25 15:01:32'),(28,'Emmitt','Huel','camren.hintz@example.com','00937591275','1979-12-23 00:41:11','2017-11-02 10:06:36'),(29,'Elmer','Keebler','reinger.andreane@example.org','+27(1)9002627491','2011-07-16 16:07:48','1989-02-05 18:10:59'),(30,'Reva','Jaskolski','nyah.braun@example.com','(679)739-6792x0980','2004-08-09 07:13:32','2001-06-22 00:21:31'),(31,'Verna','Wehner','isai.kris@example.com','+17(5)9714150469','2000-06-11 07:10:28','1994-12-14 11:11:02'),(32,'Jeremy','Friesen','lionel.rodriguez@example.net','1-536-256-1014x21142','2019-06-09 01:44:45','1996-01-20 00:06:44'),(33,'Arlene','Schneider','swaniawski.fabian@example.org','379-375-4694x40488','1976-09-04 18:29:33','2012-08-30 05:02:56'),(34,'Milford','Bartoletti','meaghan80@example.org','433.712.8087x10395','2012-07-30 11:42:06','1993-08-21 05:04:05'),(35,'Mike','Bosco','ycummerata@example.com','04327771990','1976-11-03 14:47:11','1984-11-20 14:36:01'),(36,'Domingo','Kirlin','price.lesch@example.org','206.420.1389','1982-05-29 18:32:44','1976-03-26 20:39:57'),(37,'Salma','Abernathy','emard.alfonzo@example.net','056.155.5664x63630','2011-11-22 15:16:49','1972-04-06 09:26:40'),(38,'Alexys','Gusikowski','dhomenick@example.net','413-794-3799x56371','1985-06-24 14:02:02','1986-03-20 07:56:33'),(39,'Dane','Terry','camylle.sipes@example.org','(923)686-8542','2007-06-01 14:26:06','1974-12-04 04:22:32'),(40,'Roslyn','Stroman','hyatt.mario@example.com','+99(4)8195080484','1977-09-08 08:48:41','1987-05-22 14:39:57'),(41,'Tavares','White','milan74@example.org','(356)377-6746','2001-03-12 06:07:21','1979-08-02 00:03:03'),(42,'Elbert','Murazik','maya.medhurst@example.org','(576)005-0856x69798','1985-07-23 19:25:09','1990-04-04 14:10:34'),(43,'Jovanny','Ruecker','collin26@example.org','083.205.8246','1999-07-07 15:49:25','1973-02-01 23:06:44'),(44,'Jasmin','Walsh','josefina47@example.org','281.619.7061x6024','1999-07-28 13:54:29','2013-09-22 00:59:31'),(45,'Magnolia','Morissette','jerde.emilio@example.com','+01(4)4554209504','2013-09-28 20:02:02','1984-04-16 02:19:21'),(46,'Abbigail','Gleichner','meredith11@example.net','(403)981-3217x7985','2010-12-18 23:16:22','1990-02-21 04:53:46'),(47,'Jevon','Labadie','cordelia.schowalter@example.org','889-932-4469x69963','2003-03-29 07:42:59','1991-06-30 15:02:56'),(48,'Arvilla','Wunsch','xbalistreri@example.net','+60(8)8559185356','1985-08-28 08:56:48','2013-12-18 00:17:06'),(49,'Lurline','Kunde','schowalter.rae@example.org','747.134.5461','2018-03-07 08:09:06','2000-10-07 17:27:58'),(50,'Fanny','Schulist','veum.nia@example.org','03060133311','2017-02-05 07:42:36','1993-04-30 18:44:45'),(51,'Cyrus','Heidenreich','maeve23@example.org','1-812-189-9531x8164','1977-07-22 22:58:28','1982-01-27 22:46:33'),(52,'Dolores','Stoltenberg','weber.everardo@example.net','1-100-992-8634x077','2015-09-16 04:54:42','1991-05-03 00:04:34'),(53,'Stuart','Lehner','shana.johns@example.net','010-348-9154x0771','2015-05-21 14:24:31','1974-08-15 18:06:41'),(54,'Bradford','Williamson','fmertz@example.net','613.877.7755','2006-12-20 02:17:12','1999-09-24 01:36:21'),(55,'Luigi','Mosciski','schmitt.geraldine@example.com','164-107-2951x811','2001-03-23 05:25:16','2014-07-19 22:39:26'),(56,'Breanna','Mohr','gerlach.geovanny@example.com','(211)446-1298x399','1982-07-21 12:23:47','2002-12-25 09:58:18'),(57,'Ryleigh','Kirlin','ykohler@example.com','743-460-2555','2011-07-16 13:52:26','2004-06-22 00:54:50'),(58,'Ericka','Jacobson','autumn62@example.net','09916530946','2000-07-01 17:07:28','2003-06-10 15:19:57'),(59,'Oceane','Nitzsche','heathcote.casandra@example.com','1-864-748-5492x302','2013-09-28 02:10:16','1988-09-17 06:13:14'),(60,'Micah','Torp','brooke.breitenberg@example.org','937.275.1287x77458','2010-02-09 05:30:14','1972-12-07 07:12:21'),(61,'Liliane','Dicki','vella31@example.net','1-929-594-3902x70178','1975-12-19 19:42:14','1997-12-07 04:31:19'),(62,'Christopher','Prosacco','watsica.maymie@example.net','857-328-0603x35034','2011-05-14 17:38:06','1991-01-09 02:57:28'),(63,'Marielle','Ortiz','flavie39@example.org','958-084-5906x738','2014-08-31 23:10:23','2014-09-25 16:20:53'),(64,'Randy','Hoeger','spencer.ella@example.net','04505707691','1975-02-16 20:15:12','1999-08-13 12:48:56'),(65,'Brianne','Borer','frankie.fisher@example.org','(690)790-9148','1976-06-18 19:42:53','2002-01-10 02:14:27'),(66,'Trace','McLaughlin','austen23@example.net','427.210.9396','1977-09-06 05:57:12','1973-03-26 15:51:30'),(67,'Bertha','Conn','odie75@example.net','03580824627','1979-11-09 06:39:44','1972-08-11 10:06:15'),(68,'Roderick','Skiles','summer.ruecker@example.com','387-921-2152','2020-02-18 05:13:29','1993-05-20 03:27:03'),(69,'Fritz','Upton','howell.adelle@example.org','(592)635-6370','1991-08-07 21:08:09','2008-12-12 09:53:58'),(70,'Angelica','Crona','morton93@example.com','1-430-875-9137x0726','1980-06-17 06:01:17','2016-04-10 07:41:57'),(71,'Shanny','Dickens','nelda.bechtelar@example.net','03338217035','1973-03-08 11:13:12','1995-01-27 06:17:44'),(72,'Dedrick','Reilly','dayne.skiles@example.com','+11(7)2420916002','2010-06-15 06:09:21','1987-09-27 20:48:09'),(73,'Kenneth','Dickens','qhyatt@example.com','1-270-270-1072x390','2010-06-30 00:54:59','2000-02-21 14:21:47'),(74,'Adella','Friesen','chyna.aufderhar@example.com','234-967-4481x6169','1986-12-27 15:07:55','2008-11-12 01:00:45'),(75,'Patsy','Schowalter','quigley.destiney@example.net','1-758-309-5089','2004-09-11 03:22:10','1970-08-03 18:32:27'),(76,'Moises','Dibbert','rbogan@example.net','(315)546-0026','1999-07-30 10:31:38','2020-05-27 20:12:44'),(77,'Koby','Nienow','rlarkin@example.net','1-298-560-5301x3912','1981-08-28 14:45:36','2006-04-24 06:42:55'),(78,'Ernesto','Larkin','elsa17@example.net','09750527682','2008-06-23 16:58:23','2020-02-20 01:48:43'),(79,'Vernie','Monahan','jarrett14@example.net','(882)780-5298x4429','1994-09-26 04:25:39','2019-07-05 00:28:55'),(80,'Makayla','Macejkovic','carroll.verla@example.com','660.582.2112','1993-10-19 03:29:18','1983-02-08 01:47:32'),(81,'Jewel','Carter','bettye94@example.org','233-575-8063x869','1987-08-29 20:09:54','2016-11-24 07:24:46'),(82,'Shyann','Cassin','clare67@example.org','930-814-1442x17180','1980-01-14 21:33:21','2001-08-13 15:32:56'),(83,'Theron','Ortiz','xkling@example.net','+24(3)6067248240','2009-07-04 07:22:51','2012-12-23 23:32:05'),(84,'Milo','McCullough','audra.lehner@example.net','073-847-4881x6428','1988-04-21 06:50:49','2008-12-04 12:19:07'),(85,'Damian','Becker','emanuel88@example.net','639.290.8723','1980-06-29 12:10:30','2007-06-14 05:06:57'),(86,'Filomena','Heller','uward@example.com','449-718-9297x15283','1978-11-12 03:12:54','2000-02-26 22:39:54'),(87,'Nola','Hackett','ewelch@example.net','071.030.1852x522','2009-11-19 18:32:11','1995-12-02 15:04:38'),(88,'Maurice','Vandervort','cummings.elisabeth@example.net','150.703.5987x12834','1981-07-27 23:20:31','1974-04-18 09:12:52'),(89,'Orlando','Konopelski','marvin.hortense@example.org','+41(7)2397034348','1991-02-25 08:52:17','1980-01-10 04:58:45'),(90,'Laurianne','Smith','ro\'keefe@example.com','1-305-574-9536x546','1980-09-27 18:06:47','2006-10-18 04:19:24'),(91,'Darrell','Funk','simonis.jasper@example.net','214-135-2140x435','1996-04-29 07:48:23','1989-12-30 07:02:26'),(92,'Megane','Legros','german63@example.org','083.606.0759','1993-01-20 21:42:22','1997-07-29 03:09:48'),(93,'Alphonso','Schulist','erdman.nels@example.net','1-062-001-9519','1989-12-02 04:17:40','2016-09-23 12:02:51'),(94,'Brielle','Schoen','letitia84@example.org','166.986.7083','1994-03-25 08:32:08','1982-11-10 03:44:19'),(95,'Maci','Durgan','general.kreiger@example.net','1-822-046-3006','1988-08-09 13:53:46','1979-01-27 23:05:06'),(96,'Bobby','Will','rau.alvah@example.net','569.770.8801','1985-02-28 00:06:02','2010-04-21 02:38:17'),(97,'Clement','Bradtke','ghoeger@example.com','+07(8)6138302266','1981-07-18 13:02:23','2017-04-02 00:20:13'),(98,'Eudora','Jerde','nolan.marielle@example.org','215-365-9159x25436','1990-12-27 08:13:13','1985-10-29 11:51:02'),(99,'Lonny','Reynolds','tiara.ortiz@example.net','1-574-850-6059x95458','1970-01-24 04:58:31','1999-02-03 14:32:08'),(100,'Adele','Olson','antonette16@example.org','1-698-536-6755x536','1998-07-11 08:43:24','2013-01-01 05:19:43');
/*!40000 ALTER TABLE `users` ENABLE KEYS */;
UNLOCK TABLES;

--
-- Dumping routines for database 'vk'
--
/*!40103 SET TIME_ZONE=@OLD_TIME_ZONE */;

/*!40101 SET SQL_MODE=@OLD_SQL_MODE */;
/*!40014 SET FOREIGN_KEY_CHECKS=@OLD_FOREIGN_KEY_CHECKS */;
/*!40014 SET UNIQUE_CHECKS=@OLD_UNIQUE_CHECKS */;
/*!40101 SET CHARACTER_SET_CLIENT=@OLD_CHARACTER_SET_CLIENT */;
/*!40101 SET CHARACTER_SET_RESULTS=@OLD_CHARACTER_SET_RESULTS */;
/*!40101 SET COLLATION_CONNECTION=@OLD_COLLATION_CONNECTION */;
/*!40111 SET SQL_NOTES=@OLD_SQL_NOTES */;

-- Dump completed on 2021-03-15 23:41:10
